patient_id,clone_id,clone_type,parent_clone_id,timepoint_dates,signature_key,gene_count,genes,t0_date,t0_vaf_pct,t1_date,t1_vaf_pct,t2_date,t2_vaf_pct
5c15c240-389e-b191-cd61-3b38b9c132b4,clone_1,founding,,2008-03-17T13:09:18Z;2008-09-19T22:13:29Z,t0:present|t1:unknown,3,FOXQ1;NF1;NOTCH2,2008-03-17T13:09:18Z,80.36,2008-09-19T22:13:29Z,40.91,,
5c15c240-389e-b191-cd61-3b38b9c132b4,clone_2,late,clone_1,2008-03-17T13:09:18Z;2008-09-19T22:13:29Z,t0:present|t1:increasing,1,NCOR2,2008-03-17T13:09:18Z,2.13,2008-09-19T22:13:29Z,44.09,,
5c15c240-389e-b191-cd61-3b38b9c132b4,clone_3,late,clone_1,2008-03-17T13:09:18Z;2008-09-19T22:13:29Z,t0:present|t1:stable,1,RB1,2008-03-17T13:09:18Z,17.51,2008-09-19T22:13:29Z,15.00,,
b2cccc7f-8a89-c901-e12e-8421049ffd4a,clone_1,founding,,2020-07-08T14:47:03Z;2020-12-30T19:00:40Z,t0:present|t1:unknown,1,GATA3,2020-07-08T14:47:03Z,46.46,2020-12-30T19:00:40Z,97.42,,
b2cccc7f-8a89-c901-e12e-8421049ffd4a,clone_2,late,clone_1,2020-07-08T14:47:03Z;2020-12-30T19:00:40Z,t0:present|t1:decreasing,1,CYP19A1,2020-07-08T14:47:03Z,53.54,2020-12-30T19:00:40Z,2.58,,
60f8ea69-2e25-5ea3-44f7-150dff7e38a2,clone_1,founding,,2017-07-29T22:37:09Z;2018-01-24T22:06:39Z;2018-06-26T14:30:47Z,t0:present|t1:unknown|t2:unknown,1,LINC00290,2017-07-29T22:37:09Z,32.60,2018-01-24T22:06:39Z,51.34,2018-06-26T14:30:47Z,95.04
60f8ea69-2e25-5ea3-44f7-150dff7e38a2,clone_2,late,clone_1,2017-07-29T22:37:09Z;2018-01-24T22:06:39Z;2018-06-26T14:30:47Z,t0:present|t1:decreasing|t2:decreasing,1,ABCB1,2017-07-29T22:37:09Z,29.83,2018-01-24T22:06:39Z,11.14,2018-06-26T14:30:47Z,3.33
60f8ea69-2e25-5ea3-44f7-150dff7e38a2,clone_3,late,clone_1,2017-07-29T22:37:09Z;2018-01-24T22:06:39Z;2018-06-26T14:30:47Z,t0:present|t1:stable|t2:decreasing,1,PGR,2017-07-29T22:37:09Z,37.57,2018-01-24T22:06:39Z,37.52,2018-06-26T14:30:47Z,1.63
71396e98-adf8-3903-fba3-adeb1863ef69,clone_1,founding,,2018-01-21T03:48:12Z;2018-07-26T11:47:20Z,t0:present|t1:unknown,3,CDH1;GATA3;MAP2K4,2018-01-21T03:48:12Z,31.63,2018-07-26T11:47:20Z,46.10,,
71396e98-adf8-3903-fba3-adeb1863ef69,clone_2,branch,clone_1,2018-01-21T03:48:12Z;2018-07-26T11:47:20Z,t0:present|t1:unknown,4,ARID1A;BRCA2;NCOR1;TP53,2018-01-21T03:48:12Z,29.77,2018-07-26T11:47:20Z,51.64,,
71396e98-adf8-3903-fba3-adeb1863ef69,clone_3,late,clone_2,2018-01-21T03:48:12Z;2018-07-26T11:47:20Z,t0:present|t1:decreasing,4,ESR1;NRAS;PGR;PIK3CA,2018-01-21T03:48:12Z,38.60,2018-07-26T11:47:20Z,2.26,,
68d9febc-cf71-e7a7-0c6b-6afe4295d417,clone_1,founding,,2020-04-10T15:57:06Z;2020-09-24T07:47:59Z,t0:present|t1:unknown,3,CDH1;FOXQ1;GATA3,2020-04-10T15:57:06Z,45.04,2020-09-24T07:47:59Z,97.16,,
68d9febc-cf71-e7a7-0c6b-6afe4295d417,clone_2,late,clone_1,2020-04-10T15:57:06Z;2020-09-24T07:47:59Z,t0:present|t1:decreasing,4,CCND1;ESR1;PGR;PIK3CA,2020-04-10T15:57:06Z,54.96,2020-09-24T07:47:59Z,2.84,,
1fbc5bb3-8af5-989c-5dc0-6759cc90215c,clone_1,founding,,2017-01-26T22:19:52Z;2017-11-16T07:09:56Z,t0:present|t1:unknown,3,CDH1;PTEN;TP53,2017-01-26T22:19:52Z,27.53,2017-11-16T07:09:56Z,36.10,,
1fbc5bb3-8af5-989c-5dc0-6759cc90215c,clone_2,branch,clone_1,2017-01-26T22:19:52Z;2017-11-16T07:09:56Z,t0:present|t1:unknown,3,CCND1;KMT2C;MAP3K1,2017-01-26T22:19:52Z,19.44,2017-11-16T07:09:56Z,30.33,,
1fbc5bb3-8af5-989c-5dc0-6759cc90215c,clone_3,branch,clone_2,2017-01-26T22:19:52Z;2017-11-16T07:09:56Z,t0:present|t1:unknown,3,GATA3;MAP2K4;ZNF703,2017-01-26T22:19:52Z,19.44,2017-11-16T07:09:56Z,30.33,,
1fbc5bb3-8af5-989c-5dc0-6759cc90215c,clone_4,late,clone_3,2017-01-26T22:19:52Z;2017-11-16T07:09:56Z,t0:present|t1:decreasing,4,ERBB3;ESR2;HER2;YWHAZ,2017-01-26T22:19:52Z,33.59,2017-11-16T07:09:56Z,3.24,,
83568b75-99f3-01d4-52a7-b65f44361242,clone_1,founding,,1993-08-05T19:05:57Z;1994-01-27T16:35:01Z,t0:present|t1:unknown,3,GATA3;MAP3K1;PARK2,1993-08-05T19:05:57Z,96.89,1994-01-27T16:35:01Z,31.25,,
83568b75-99f3-01d4-52a7-b65f44361242,clone_2,late,clone_1,1993-08-05T19:05:57Z;1994-01-27T16:35:01Z,t0:present|t1:increasing,4,NCOR2;NF1;YWHAZ;ZNF703,1993-08-05T19:05:57Z,3.11,1994-01-27T16:35:01Z,68.75,,
c654a45e-2597-7d34-de01-0e505fb3a1f5,clone_1,founding,,2016-07-20T13:39:44Z;2017-01-15T17:30:41Z,t0:present|t1:unknown,3,ARID1A;MAP2K4;NF1,2016-07-20T13:39:44Z,80.47,2017-01-15T17:30:41Z,40.91,,
c654a45e-2597-7d34-de01-0e505fb3a1f5,clone_2,late,clone_1,2016-07-20T13:39:44Z;2017-01-15T17:30:41Z,t0:present|t1:increasing,1,NCOR2,2016-07-20T13:39:44Z,2.00,2017-01-15T17:30:41Z,44.09,,
c654a45e-2597-7d34-de01-0e505fb3a1f5,clone_3,late,clone_1,2016-07-20T13:39:44Z;2017-01-15T17:30:41Z,t0:present|t1:stable,1,RB1,2016-07-20T13:39:44Z,17.53,2017-01-15T17:30:41Z,15.00,,
895da5e9-baee-bb77-44a0-da6db57f034a,clone_1,founding,,2012-02-14T13:56:09Z;2012-08-02T20:02:22Z,t0:present|t1:unknown,3,FOXQ1;PTEN;TP53,2012-02-14T13:56:09Z,34.18,2012-08-02T20:02:22Z,52.40,,
895da5e9-baee-bb77-44a0-da6db57f034a,clone_2,branch,clone_1,2012-02-14T13:56:09Z;2012-08-02T20:02:22Z,t0:present|t1:unknown,3,ARID1A;PARK2;YWHAZ,2012-02-14T13:56:09Z,24.12,2012-08-02T20:02:22Z,44.02,,
895da5e9-baee-bb77-44a0-da6db57f034a,clone_3,late,clone_2,2012-02-14T13:56:09Z;2012-08-02T20:02:22Z,t0:present|t1:decreasing,4,CCND1;NRAS;PGR;PIK3CA,2012-02-14T13:56:09Z,41.70,2012-08-02T20:02:22Z,3.58,,
48344a5c-3594-7129-5457-a935d928dbb9,clone_1,founding,,2000-08-29T04:15:33Z;2001-05-25T03:47:12Z,t0:present|t1:unknown,3,CDH1;MAP3K1;TP53,2000-08-29T04:15:33Z,27.02,2001-05-25T03:47:12Z,40.85,,
48344a5c-3594-7129-5457-a935d928dbb9,clone_2,branch,clone_1,2000-08-29T04:15:33Z;2001-05-25T03:47:12Z,t0:present|t1:unknown,5,ARID1A;FOXQ1;NOTCH2;PTEN;YWHAZ,2000-08-29T04:15:33Z,31.78,2001-05-25T03:47:12Z,57.19,,
48344a5c-3594-7129-5457-a935d928dbb9,clone_3,late,clone_2,2000-08-29T04:15:33Z;2001-05-25T03:47:12Z,t0:present|t1:decreasing,5,CCND1;CDKN2A;ESR2;NRAS;PGR,2000-08-29T04:15:33Z,41.20,2001-05-25T03:47:12Z,1.96,,
0f0a1283-5680-6899-2b7a-4abd47f8e4fe,clone_1,founding,,2008-02-22T10:28:52Z;2008-08-13T17:23:29Z,t0:present|t1:unknown,1,GATA3,2008-02-22T10:28:52Z,59.69,2008-08-13T17:23:29Z,26.67,,
0f0a1283-5680-6899-2b7a-4abd47f8e4fe,clone_2,late,clone_1,2008-02-22T10:28:52Z;2008-08-13T17:23:29Z,t0:present|t1:increasing,1,NCOR2,2008-02-22T10:28:52Z,1.30,2008-08-13T17:23:29Z,44.00,,
0f0a1283-5680-6899-2b7a-4abd47f8e4fe,clone_3,late,clone_1,2008-02-22T10:28:52Z;2008-08-13T17:23:29Z,t0:present|t1:stable,1,HER2,2008-02-22T10:28:52Z,39.01,2008-08-13T17:23:29Z,29.33,,
5bae44ff-de94-2191-69fd-075bdac44be4,clone_1,founding,,2025-07-11T01:48:44Z;2026-01-10T17:20:01Z,t0:present|t1:unknown,3,LINC00290;MAP3K1;TP53,2025-07-11T01:48:44Z,31.63,2026-01-10T17:20:01Z,46.62,,
5bae44ff-de94-2191-69fd-075bdac44be4,clone_2,branch,clone_1,2025-07-11T01:48:44Z;2026-01-10T17:20:01Z,t0:present|t1:unknown,4,MAP2K4;MYC;PARK2;RB1,2025-07-11T01:48:44Z,29.77,2026-01-10T17:20:01Z,52.21,,
5bae44ff-de94-2191-69fd-075bdac44be4,clone_3,late,clone_2,2025-07-11T01:48:44Z;2026-01-10T17:20:01Z,t0:present|t1:decreasing,4,ARID1A;BRAF;HER2;PIK3CA,2025-07-11T01:48:44Z,38.60,2026-01-10T17:20:01Z,1.17,,
f0f12c78-5940-069e-1440-67501fa16120,clone_1,founding,,2015-02-01T12:43:13Z;2015-08-22T17:10:32Z,t0:present|t1:unknown,3,CBFB;NOTCH2;TP53,2015-02-01T12:43:13Z,31.78,2015-08-22T17:10:32Z,16.48,,
f0f12c78-5940-069e-1440-67501fa16120,clone_2,branch,clone_1,2015-02-01T12:43:13Z;2015-08-22T17:10:32Z,t0:present|t1:unknown,5,BRCA2;LINC00290;MAP2K4;MECOM;MYC,2015-02-01T12:43:13Z,37.39,2015-08-22T17:10:32Z,23.08,,
f0f12c78-5940-069e-1440-67501fa16120,clone_3,late,clone_2,2015-02-01T12:43:13Z;2015-08-22T17:10:32Z,t0:present|t1:increasing,4,NCOR2;NF1;PRKCI;YWHAZ,2015-02-01T12:43:13Z,3.14,2015-08-22T17:10:32Z,36.26,,
f0f12c78-5940-069e-1440-67501fa16120,clone_4,late,clone_2,2015-02-01T12:43:13Z;2015-08-22T17:10:32Z,t0:present|t1:stable,4,ARID1A;CCND1;PIK3CA;RB1,2015-02-01T12:43:13Z,27.69,2015-08-22T17:10:32Z,24.18,,
ea2a038b-da7c-4309-43bb-b8a26df4f8e7,clone_1,founding,,2021-02-01T07:41:28Z;2021-08-29T14:40:03Z,t0:present|t1:unknown,3,CDKN2A;LINC00290;NCOR1,2021-02-01T07:41:28Z,48.76,2021-08-29T14:40:03Z,97.24,,
ea2a038b-da7c-4309-43bb-b8a26df4f8e7,clone_2,late,clone_1,2021-02-01T07:41:28Z;2021-08-29T14:40:03Z,t0:present|t1:decreasing,3,FOXQ1;NF1;PIK3CA,2021-02-01T07:41:28Z,51.24,2021-08-29T14:40:03Z,2.76,,
61eec2ea-b8e1-fbce-2342-62cb62811619,clone_1,founding,,2023-04-11T08:54:17Z;2023-11-01T12:34:14Z,t0:present|t1:unknown,1,TP53,2023-04-11T08:54:17Z,46.46,2023-11-01T12:34:14Z,97.30,,
61eec2ea-b8e1-fbce-2342-62cb62811619,clone_2,late,clone_1,2023-04-11T08:54:17Z;2023-11-01T12:34:14Z,t0:present|t1:decreasing,1,PGR,2023-04-11T08:54:17Z,53.54,2023-11-01T12:34:14Z,2.70,,
189a0cae-5c9e-8f15-2481-a6109268cb94,clone_1,founding,,2022-03-27T03:00:04Z;2022-09-25T02:38:47Z,t0:present|t1:unknown,1,CBFB,2022-03-27T03:00:04Z,46.46,2022-09-25T02:38:47Z,97.63,,
189a0cae-5c9e-8f15-2481-a6109268cb94,clone_2,late,clone_1,2022-03-27T03:00:04Z;2022-09-25T02:38:47Z,t0:present|t1:decreasing,1,PGR,2022-03-27T03:00:04Z,53.54,2022-09-25T02:38:47Z,2.37,,
f397afbe-4494-826d-6565-6147280f21c7,clone_1,founding,,2022-10-09T22:31:50Z;2023-03-28T09:00:06Z,t0:present|t1:unknown,1,GATA3,2022-10-09T22:31:50Z,46.46,2023-03-28T09:00:06Z,98.70,,
f397afbe-4494-826d-6565-6147280f21c7,clone_2,late,clone_1,2022-10-09T22:31:50Z;2023-03-28T09:00:06Z,t0:present|t1:decreasing,1,SLCO1B1,2022-10-09T22:31:50Z,53.54,2023-03-28T09:00:06Z,1.30,,
12637cd8-c27e-f60d-56ec-e6efbb6e878b,clone_1,founding,,2011-08-11T13:36:03Z;2012-02-14T02:57:15Z,t0:present|t1:unknown,2,NF1;TP53,2011-08-11T13:36:03Z,97.51,2012-02-14T02:57:15Z,47.24,,
12637cd8-c27e-f60d-56ec-e6efbb6e878b,clone_2,late,clone_1,2011-08-11T13:36:03Z;2012-02-14T02:57:15Z,t0:present|t1:increasing,1,NCOR2,2011-08-11T13:36:03Z,2.49,2012-02-14T02:57:15Z,52.76,,
4b5880f3-61e8-3289-d19f-4871c7bbb489,clone_1,founding,,2023-08-16T01:40:06Z;2024-02-14T23:00:19Z,t0:present|t1:unknown,3,CDH1;GATA3;LINC00290,2023-08-16T01:40:06Z,23.01,2024-02-14T23:00:19Z,33.39,,
4b5880f3-61e8-3289-d19f-4871c7bbb489,clone_2,branch,clone_1,2023-08-16T01:40:06Z;2024-02-14T23:00:19Z,t0:present|t1:unknown,7,CBFB;CDKN2A;MAP2K4;MYC;PRKCI;PTEN;TP53,2023-08-16T01:40:06Z,37.91,2024-02-14T23:00:19Z,65.45,,
4b5880f3-61e8-3289-d19f-4871c7bbb489,clone_3,late,clone_2,2023-08-16T01:40:06Z;2024-02-14T23:00:19Z,t0:present|t1:decreasing,4,MAP3K1;MECOM;PGR;PIK3CA,2023-08-16T01:40:06Z,39.08,2024-02-14T23:00:19Z,1.16,,
50745deb-9709-9ea0-6f9f-18b69ed021af,clone_1,founding,,2017-04-09T06:06:48Z;2017-10-11T15:17:37Z,t0:present|t1:unknown,2,GATA3;RB1,2017-04-09T06:06:48Z,35.33,2017-10-11T15:17:37Z,98.66,,
50745deb-9709-9ea0-6f9f-18b69ed021af,clone_2,late,clone_1,2017-04-09T06:06:48Z;2017-10-11T15:17:37Z,t0:present|t1:decreasing,4,ESR1;HER2;PGR;PIK3CA,2017-04-09T06:06:48Z,64.67,2017-10-11T15:17:37Z,1.34,,
9125f158-2fb2-7b53-4dee-0fa41b47e685,clone_1,founding,,2003-12-23T01:56:37Z;2004-06-15T20:16:26Z;2004-10-10T01:16:26Z,t0:present|t1:unknown|t2:unknown,2,ARID1A;TP53,2003-12-23T01:56:37Z,46.63,2004-06-15T20:16:26Z,22.05,2004-10-10T01:16:26Z,46.37
9125f158-2fb2-7b53-4dee-0fa41b47e685,clone_2,late,clone_1,2003-12-23T01:56:37Z;2004-06-15T20:16:26Z;2004-10-10T01:16:26Z,t0:present|t1:increasing|t2:increasing,1,NCOR2,2003-12-23T01:56:37Z,3.18,2004-06-15T20:16:26Z,31.26,2004-10-10T01:16:26Z,51.79
9125f158-2fb2-7b53-4dee-0fa41b47e685,clone_3,late,clone_1,2003-12-23T01:56:37Z;2004-06-15T20:16:26Z;2004-10-10T01:16:26Z,t0:present|t1:stable|t2:decreasing,2,NF1;RB1,2003-12-23T01:56:37Z,50.19,2004-06-15T20:16:26Z,46.69,2004-10-10T01:16:26Z,1.84
77ea01f9-b530-f7aa-d363-15100a9780d5,clone_1,founding,,2024-01-12T20:01:11Z;2024-07-31T12:51:09Z;2025-01-06T05:30:49Z,t0:present|t1:unknown|t2:unknown,3,ARID1A;KMT2C;YWHAZ,2024-01-12T20:01:11Z,35.33,2024-07-31T12:51:09Z,59.45,2025-01-06T05:30:49Z,95.84
77ea01f9-b530-f7aa-d363-15100a9780d5,clone_2,late,clone_1,2024-01-12T20:01:11Z;2024-07-31T12:51:09Z;2025-01-06T05:30:49Z,t0:present|t1:decreasing|t2:decreasing,4,BIRC5;CYP1B1;MAP2K4;NCOR1,2024-01-12T20:01:11Z,43.11,2024-07-31T12:51:09Z,16.27,2025-01-06T05:30:49Z,2.43
77ea01f9-b530-f7aa-d363-15100a9780d5,clone_3,late,clone_1,2024-01-12T20:01:11Z;2024-07-31T12:51:09Z;2025-01-06T05:30:49Z,t0:present|t1:stable|t2:decreasing,2,CCND1;PGR,2024-01-12T20:01:11Z,21.56,2024-07-31T12:51:09Z,24.28,2025-01-06T05:30:49Z,1.73
