Id,NAME,ADDRESS,CITY,STATE,ZIP,LAT,LON,PHONE,REVENUE,UTILIZATION
74ab949d-17ac-3309-83a0-13b4405c66aa,Fitchburg Outpatient Clinic,881 Main Street,Fitchburg,MA,01420,42.586487,-71.80521,978-342-9781 Or 978-342-9781,0.0,18162
588f6ce6-b8db-3588-8189-29db2680a313,BOSTON HEALTH CARE FOR THE HOMELESS PROGRAM INC,461 WALNUT AVE,JAMAICA PLAIN,MA,021302331,42.311587599999996,-71.09800136347226,8576541550,0.0,79
324b4137-57a0-3ae0-89db-1c33f57ae0c1,LOWN ACQUISITION LLC,134 NORTH ST,NORTH READING,MA,018641315,42.5892341,-71.10546522083789,7818262393,0.0,22
b6398e07-4967-31a5-807f-380039a1f303,EDWARD M KENNEDY COMMUNITY HEALTH CENTER INC,19 TACOMA ST,WORCESTER,MA,016053516,42.30230485,-71.76614692511056,5088521805,0.0,50
17a4bae5-8b64-34d7-8144-b428be027bd0,NURSE ON CALL,512 MAIN STREET  SUITE 211,SHREWSBURY,MA,015456406,42.295109499999995,-71.71808471110307,5088451232,0.0,20
e76b5eb0-0c9d-3593-b5da-3c0e9a97bb96,VA Boston Healthcare System  West Roxbury Campus,1400 VFW Parkway,West Roxbury,MA,02132,42.2793,-71.1657,617-323-7700,0.0,25687
ef5390b4-cba5-3d83-96db-af783a7adb43,MERRIMACK VALLEY HOSPICE INC,360 MERRIMACK ST,MALDEN,MA,021482329,42.4250964,-71.066163,9785524000,0.0,63
77645e49-3f69-3d1d-bb93-dc65210e2fac,SOUTHCOAST HOSPITALS GROUP INC,363 HIGHLAND AVE,FALL RIVER,MA,027205246,41.7093779,-71.1460783680883,5086793131,0.0,1832
aa682136-a4df-3942-9f50-e6fcee6c0b73,SOUTHWOOD AT NORWELL NURSING CTR,501 CORDWAINER DRIVE,NORWELL,MA,020611630,42.1647071,-70.88149077838713,7819827450,0.0,17
5becf220-2978-3f33-bd38-9326947f85de,JEFFREY & SUSAN BRUDNICK CENTER FOR LIVING,240 LYNNFIELD STREET,PEABODY,MA,019605055,42.5141736,-70.97106354209534,7815985310,0.0,148
ae88fd02-4911-3625-9e97-85b626ed3b0b,FAIRHAVEN HEALTHCARE CENTER INC.,476 VARNUM AVE,LOWELL,MA,018542122,42.6443795,-71.34721987550876,9784583388,0.0,5
a58ec72a-cf43-3de5-88c1-de2fbec976a5,EASTPOINTE REHAB CENTER LLC,255 CENTRAL AVE,CHELSEA,MA,021503508,42.38804035,-71.02650270378646,6178845700,0.0,41
03d0392a-7361-32b3-81c9-8c8ac985be00,AMERICAN CHINESE MEDICAL CENTER PC,280 WASHINGTON ST STE 204,BROOKLINE,MA,024451922,42.33302785,-71.1193506756953,6177837333,0.0,53
883104df-bf21-3226-a432-30a61ac7416d,HEALTH STAR HOME CARE LLC,19B CROSBY DR STE 160,BEDFORD,MA,017301412,42.5044791,-71.2417607,7814576112,0.0,32
ab701a70-a658-340e-8f69-ee196a7d40c6,CAREWELL URGENT CARE CENTERS OF MA  PC,484 RTE 134,WORCESTER,MA,016071728,42.2625621,-71.8018877,5086947901,0.0,289
41e77ca4-b0d7-3c1d-ac88-4ae5a705913d,CLAFLIN HILL CORPORATION,20 CLAFLIN STREET,MILFORD,MA,017573356,42.137601149999995,-71.51680334935877,5084731272,0.0,12
11ba6a26-59b4-3728-a268-6dc9929962b4,COURTYARD NURSING CARE CENTER,200 GOVERNORS AVENUE,MEDFORD,MA,021551644,42.42711615,-71.1121606632448,7813915400,0.0,550
bee866be-d41f-3259-97b2-0e10331c6c16,WINGATE AT NEEDHAM  INC.,589 HIGHLAND AVE,NEEDHAM,MA,024942205,42.300873100000004,-71.22988027903574,7814559090,0.0,30
bd6cec50-10de-3696-940b-4022618764ab,40 MARTIN STREET OPERATOR LLC,40 MARTIN ST,MELROSE,MA,021763607,42.457050550000005,-71.07494593157304,7816657050,0.0,20
52ecddd8-42f6-35cc-88a5-cf474c02fb49,LIFE CARE CENTER OF PLYMOUTH,94 OBERY STREET,PLYMOUTH,MA,023602130,41.93725,-70.65503160208334,5087479800,0.0,2089
592a8cbc-999b-3060-89e3-60925fa3c349,NORTH HILL HOME HEALTH CARE  INC.,865 CENTRAL AVE,NEEDHAM,MA,024921316,42.2905133,-71.25420518075296,7814336308,0.0,12
0c8cc36b-3025-37ad-b7ab-50ea3aeea5a8,SOUTH SHORE MEDICAL CENTER  INC.,143 LONGWATER DRIVE,WEYMOUTH,MA,021902432,42.2212188,-70.9391625,7817924191,0.0,293
2b376b69-72ac-3d68-aceb-018e82b8fc8f,PARK PLACE REHABILITATION & SKILLED CARE CENTER,113 CENTRAL AVE,HYDE PARK,MA,021363021,42.26077065,-71.1187885119897,6173612388,0.0,4
75f0d4cd-dbbb-3037-b6ad-2e99665728c7,HIGUCHI MEDICAL CARE  PLLC,70 FULTON ST,BOSTON,MA,021091402,42.362439499999994,-71.05377386223965,6178435001,0.0,499
fa564970-fde4-332c-91d9-c0747b032d3e,RIVERBEND OF SOUTH NATICK,34 SOUTH LINCOLN STREET,NATICK,MA,017606049,42.2731232,-71.3105334275248,5086538330,0.0,311
39104cad-5228-3e07-9b3e-3ad736b33d5d,GREATER BOSTON WELLNESS PRIMARY CARE PC,200 PROVIDENCE HWY,DEDHAM,MA,020261881,42.22214545274341,-71.18159060546684,7814610660,0.0,1306
817a1428-2045-3e89-9fa2-ef7d287d6fa5,GREATER LAWRENCE FAMILY HEALTH CENTER INC,70-71 N PARISH RD,LAWRENCE,MA,01843,42.690315,-71.150015,9786814769,0.0,6429
1a40cadb-d382-3853-9975-8b74417f291b,BROOKSBY VILLAGE  INC,300 BROOKSBY VILLAGE DRIVE,PEABODY,MA,019601445,42.55186086054086,-70.97261268384547,9785367868,0.0,53
50a91b37-cb62-3883-aa31-33802f142c2d,WELLESLEY PRIMARY CARE MEDICINE  PC,65 WALNUT ST,WELLESLEY,MA,024812112,42.324730450000004,-71.25364984557581,7814312345,0.0,573
009f87f0-4bb6-350c-ba41-0b3235a7ca43,STONE INSTITUTE AND NEWTON HOME FOR AGED PEOPLE,277 ELLIOT ST,NEWTON UPPER FALLS,MA,024641201,42.3134306,-71.2206105,6175270023,0.0,62
9a9bf61e-44d3-32fd-a027-7138369b1716,ANCHOR MEDICAL GROUP AND WELLNESS CENTER PC,194 ROCKDALE AVE,WEYMOUTH,MA,021882519,42.2212188,-70.9391625,5089510847,0.0,197
4fbf8a6a-261d-3111-a5e0-92e95b4b2818,PREFERRED TRANSITIONS HOME HEALTH CARE INC.,321 FORTUNE BLVD,MILFORD,MA,017571750,42.1590602,-71.4987674,5084730404,0.0,60
fe675917-7b09-3afd-a6e6-128cc4de4734,INTERNATIONAL HEALTH SOLUTIONS,319A ALLSTON STREET,BRIGHTON,MA,021357652,42.345093,-71.139804,9786891907,0.0,17
bdc3ee76-9cf3-316d-b202-a8da1ea3fa20,KINDRED HOSPICE,130 RUMFORD AVENUE  SUITE 211,AUBURNDALE,MA,024661370,42.35853505,-71.24125521214887,6176634997,0.0,63
7f08f09e-c5f7-38cd-83ba-ddafedd88a13,VERO HEALTH XVII  LLC,133 SALEM ST,REVERE,MA,021511114,42.43833805,-71.01730877599738,7813224861,0.0,41
8e3ca57f-6f74-3d61-9803-ab1424290216,ACADEMY MANOR,89 MORTON STREET,ANDOVER,MA,018102036,42.6551409,-71.12857340697036,9784750944,0.0,1779
8f4d4f0b-9c98-33e1-b649-c304f3a4c431,VERO HEALTH XVI LLC,25 ORIOL DR,WORCESTER,MA,016051911,42.29596775,-71.7668897446588,5088523330,0.0,1
5fcff9db-16e4-3e56-aa78-abbc16338097,THE LOWELL GENERAL HOSPITAL,295 VARNUM AVE,WESTFORD,MA,018863513,42.5792583,-71.4378411,9789376000,0.0,982
fa09396a-2926-3b21-ad0c-9f6cabbce0eb,WOONSOCKET URGENT CARE PC,1210 BOSTON PROVIDENCE TPKE,NORWOOD,MA,020625061,42.1714075,-71.1951186,4017662700,0.0,130
40c01d75-1542-3e0b-8e5f-78d3031beba1,PIONEER MEDICAL CENTER,505 PARADISE RD,SALEM,MA,019704267,42.485927,-70.900301,9787459449,0.0,217
2617efb0-1afe-3c9c-afbe-2ca94f9c198c,PINNACLE HEALTHCARE SERVICES LLC,140 WOOD RD,WEYMOUTH,MA,021901338,42.2212188,-70.9391625,7818841539,0.0,367
fa61a21b-27de-3ba7-bc4a-0d7145bf72a6,STANDARDS CARE STAFFING  INC,100 CUMMINGS CTR,BEVERLY,MA,019156126,42.559237100000004,-70.88594445364896,9789220088,0.0,55
1ddd51d1-7297-3c3b-bad5-98aecd5e4a79,BAYADA HOME HEALTH CARE  INC,127 CAMBRIDGE STREET  SUTIE #2B,BURLINGTON,MA,018033735,42.50188325,-71.19559351572005,6174721333,0.0,246
4cb90b5f-734d-322f-a2f2-776824e1ce35,SPECTRUM HOME HEALTH AND HOSPICE CARE,770 CONVERSE STREET,LONGMEADOW,MA,011061719,42.0639853,-72.5521444,4135652500,0.0,1
93c3d861-e05d-33b9-91eb-1768470229d7,PAIN AND WELLNESS CENTER,10 CENTENNIAL DR,PEABODY,MA,019607938,42.5261827,-70.9529896,9788267230,0.0,565
2e1eaaf1-ebb0-332c-8921-f48e15b91879,ALLIANCE HEALTH AT MARINA BAY,2 SEAPORT DRIVE,QUINCY,MA,021711599,42.29287335,-71.03019020136307,6177695100,0.0,64
c272e12f-e154-3fee-b05d-b7c0cab2657d,STEWARD NORWOOD HOSPITAL INC,800 WASHINGTON ST,NORWOOD,MA,020623487,42.1886973,-71.2005241,7817692950,0.0,2332
ca1c0a76-f601-3a1c-a448-689cd3d56bb1,PILGRIM REHABILITATION & SKILLED NURSING CENTER,96 FOREST STREET,PEABODY,MA,019603907,42.528469349999995,-70.95557442492182,9785320303,0.0,26
8d0f0e66-b1dc-37fd-8b4e-0dcb6b3b446e,Edith Nourse Rogers Memorial Veterans Hospital (Bedford VA),200 Springs Rd.,Bedford,MA,01730,42.503376,-71.272644,781-687-2000,0.0,538
b66db758-a205-3227-9cfb-bf19d2c1962d,ART OF CARE INC,121 HARVARD AVENUE  2ND FL,ALLSTON,MA,021342702,42.35241825,-71.13220132573996,6177877799,0.0,5
f6a306cf-7bd6-35f4-a6b7-2d07d273914c,APPLE MEDICAL CLINIC MA INC,63 FOUNTAIN ST STE 402,FRAMINGHAM,MA,017026280,42.27595495,-71.42631150114194,5088611150,0.0,484
1e3ca321-fbbb-3546-b9ea-c3761a20324a,Worcester Outpatient Clinic,605 Lincoln Street,Worcester,MA,01605,42.297756,-71.766815,508-856-0104 Or 508-856-0104,0.0,839
2cf06ddc-4c55-3c91-98f1-fb0188079c27,MILFORD CENTER,10 VETERANS MEMORIAL DRIVE,MILFORD,MA,017572900,42.14682295,-71.50153080894427,5084736414,0.0,262
02c936e2-3aee-38b2-88a4-81f3689b7bb7,BENJAMIN HEALTHCARE CENTER,120 FISHER AVENUE,BOSTON,MA,021203320,42.3276141,-71.1051603,6177381500,0.0,64
bb3d48eb-0c30-34f4-8950-790fc984741b,SOUTH END COMMUNITY HEALTH CENTER INC,1601 WASHINGTON STREET,BOSTON,MA,021181951,42.3381394,-71.0748562,6174252000,0.0,62
bf556284-7513-3620-a10e-5393183a9a87,STEWARD ST. ANNES HOSPITAL CORPORATION,795 MIDDLE ST,FALL RIVER,MA,027211733,41.6924092,-71.16345107025307,5086745600,0.0,1056
e93b27a8-6507-3595-84a5-f899ce23a72d,HOLY FAMILY MEDICAL SPECIALTY PRACTICE PLLC,70 EAST STREET,NORTH ANDOVER,MA,018456144,42.6839894,-71.1127065,9786872273,0.0,855
4ffa4412-1493-3beb-b8f0-6614dde953a4,SOUTHCOAST HOSPITAL GROUP  INC,363 HIGHLAND AVENUE,WAREHAM,MA,025715011,41.745636,-70.658192,5086793131,0.0,19753
a14e698d-a9ba-3eae-9c8b-682ec726433d,LYNN URGENT CARE LLC,776 WESTERN AVE,LYNN,MA,019052408,42.466763,-70.9494939,6178939901,0.0,5822
69eae27b-7445-3652-bd34-b535abe0b011,MANET COMMUNITY HEALTH CENTER  INC.,9 BICKNELL ST,QUINCY,MA,021696003,42.252227399999995,-70.96584679278924,6174714715,0.0,556
d4b9a3f0-210d-3e46-a2c7-e099658ac543,NEWBRIDGE ON THE CHARLES SKILLED NURSING FACILITY,7000 GREAT MEADOW ROAD,DEDHAM,MA,020264090,42.266408549999994,-71.19518435636284,7812349660,0.0,575
7f26da64-69ab-3db4-b285-c48c9836a653,BEAR MT LOWELL LLC,500 WENTWORTH AVE,LOWELL,MA,018524937,42.631409,-71.283668,9784581271,0.0,7
4c1a8ea6-b690-3c28-a02e-ebd82190ee65,SOUTH COVE COMMUNITY HEALTH CENTER  INC,885 WASHINGTON ST,BOSTON,MA,021111415,42.3479909,-71.064924,6174827555,0.0,30
5ba6765a-f335-36b0-9c6a-6bb494c5330d,URGENT CARE MEDICAL ASSOCIATES  LLC,31 OLD ROUTE 7,WESTWOOD,MA,020902333,42.2139873,-71.2244987,2038850808,0.0,4948
b6eeaaf7-1683-3bcb-b6ee-81ce304636ef,MELROSEWAKEFIELD HEALTHCARE  INC,170 GOVERNORS AVE,MELROSE,MA,021763225,42.4564323,-71.064182,7819793050,0.0,55896
ed5fc1f7-0ecb-3973-a5fc-89f80c6f5c9f,CORNERSTONE FAMILY PRACTICE,303 C HAVERHILL STREET,ROWLEY,MA,019692101,42.704962,-70.90837,9789483902,0.0,410
fda7be6a-eb66-3137-8281-de54c49f3902,ROYALE CARE,330 SW CUTOFF,WORCESTER,MA,016042730,42.2247699,-71.76727672496281,5089268848,0.0,13
65eda534-1bdc-3192-8d02-1c3764447790,PERSONAL PHYSICIANS HEALTHCARE PC,1244 BOYLSTON ST,CHESTNUT HILL,MA,024672115,42.3214927,-71.1711481,6177310058,0.0,226
14932db8-e179-331d-98ad-dc1c352cb6d3,743 MAIN STREET OPERATOR LLC,743 MAIN ST,MELROSE,MA,021762707,42.460108950000006,-71.06216841036309,7816627500,0.0,53
d613e441-68e8-3502-8adb-3f770a1276bf,PALMER FAMILY SERVICES LLC,114 WATER ST,MILFORD,MA,017573007,42.13661855,-71.53474614336832,5084782008,0.0,1249
b0b89e26-30e3-35d4-af87-29fb529579cf,CLIFTON HOSPICE SERVICES  LLC,391 HANOVER ST,FALL RIVER,MA,027205432,41.71019285,-71.14377103194548,5086757583,0.0,53
ff6d901b-6850-378b-87d0-97a8c499aa43,ADVANTAGE HEALTH & WELLNESS INC,935 WASHINGTON ST,NORWOOD,MA,020623411,42.18396765,-71.2037844209652,7817696791,0.0,178
d3085315-9893-34c7-8889-3a31dc17c2b0,WALPOLE MEDICAL CENTER  PC,1428 MAIN ST STE 7,WALPOLE,MA,020811729,42.1325911,-71.2618886,5086686600,0.0,83
f4afdf7f-2ee5-35e1-8495-0ad8bdbb58c7,GLOBAL HOME CARE SERVICES LLC,5 HIGH ST STE 205,MEDFORD,MA,021553800,42.4186094,-71.11002086383617,7813913500,0.0,17
ace1ac31-036a-38fd-b451-b3b87157c717,BOSTON HEALTH CARE FOR THE HOMELESS PROGRAM INC,170 MORTON ST,BOSTON,MA,021303735,42.299067750000006,-71.10124351911541,6179830351,0.0,286
469171e3-f6ec-3258-8e16-7038f6a439c0,COUNTRYSIDE HEALTH CARE OF MILFORD,COUNTRYSIDE DRIVE,MILFORD,MA,017571252,42.1413353,-71.5192019,5084730435,0.0,190
6da1fb82-e214-3226-b32c-e93faf0c3764,BOSTON HOME HEALTH AIDES  LLC,1 UNION STREET,LAWRENCE,MA,018401815,42.706184,-71.153288,6172640200,0.0,17
18061fd5-fda8-3e2d-87f0-0f3c87211bcc,CAMBRIDGE PUBLIC HEALTH COMMISSION,1493 CAMBRIDGE ST,SOMERVILLE,MA,021431408,42.3875968,-71.0994968,6176651000,0.0,10981
c64c848c-0315-3115-87fa-80c360bb6a73,FENWAY COMMUNITY HEALTH CENTER  INC,142 BERKELEY ST,BOSTON,MA,021164608,42.3489076,-71.0721378,6172477555,0.0,143
2d368a24-7410-3be2-ab17-da96581aabad,WEST SUBURBAN INTERNISTS INC,65 WALNUT ST.,WELLESLEY,MA,024812188,42.324730450000004,-71.25364984557581,7812373395,0.0,272
76281d34-caff-30e0-8545-bcdf33182109,CLIFTON REHABILITATION NURSING CENTER,500 WILBUR AVENUE,SOMERSET,MA,027252051,41.72075205,-71.16843052114558,5086757589,0.0,5216
b71f6077-fcfe-3cfd-85f3-4169b4df3240,ALLIANCE HOME CARE VISITING NURSE AGENCY  INC.,331 MONTVALE AVE,WOBURN,MA,018016592,42.479166000000006,-71.11827360664039,7814209344,0.0,53
06f1d816-dd54-3409-bd94-8dc2745f807c,ELARA CARING,12 KENT WAY  SUITE 210,BYFIELD,MA,019221221,42.75468625,-70.9451078257969,9784620209,0.0,392
acffdfa8-1383-3929-8c99-e73969491439,BRIGHAM AND WOMEN'S FAULKNER HOSPITAL  INC.,1153 CENTRE ST,BOSTON,MA,021303446,42.3017598,-71.12855793387442,6179837470,0.0,939
45ce6eff-535b-37e2-bed3-1946200aa03f,WORCESTER RECOVERY CENTER AND HOSPITAL,309 BELMONT STREET,WORCESTER,MA,016041059,42.280233499999994,-71.7694812367883,5087524681,0.0,713
044e0760-ec11-3452-a46e-8af2bbeec083,WILMINGTON REHAB CENTER LLC,90 WEST STREET,WILMINGTON,MA,018873039,42.54038775,-71.13933791916014,9786582700,0.0,4
1e11392b-1278-3e70-93cd-f396cbd0c265,VHS ACQUISITION SUBSIDIARY NUMBER 9  INC.,115 LINCOLN ST,NATICK,MA,017607700,42.2843753,-71.3441395,5086507000,0.0,1839
fe30f2b4-9bc8-346e-afba-4455d1766545,KATZMAN FAMILY CENTER FOR LIVING,17 LAFAYETTE AVENUE,CHELSEA,MA,021502010,42.40019115,-71.03050082480353,6178846766,0.0,1344
6cf8a214-8d57-3267-85e5-7719e15cd63e,LEMUEL SHATTUCK HOSPITAL,170 MORTON STREET,JAMAICA PLAIN,MA,021303735,42.299067750000006,-71.10124351911541,6175228110,0.0,2583
13161e5b-02d2-3d19-8b48-26ef0becfc83,LEONARD FLORENCE CENTER FOR LIVING,165 CAPTAIN'S ROW,CHELSEA,MA,021504019,42.3917638,-71.0328284,6178870001,0.0,463
0fedae9f-701f-3317-9b2f-69aea2202cdc,BOSTON MEDICAL CENTER CORPORATION-,88 EAST NEWTON STREET,WINTHROP,MA,021522715,42.3750976,-70.982827,6176388000,0.0,20718
9043e647-568d-3e87-9fc0-756a416392d3,INTERNAL MEDICINE PHYSICIANS OF THE NORTH SHORE,27 CENTENNIAL DR,PEABODY,MA,01960,42.52388415,-70.9519832,9785317677,0.0,598
21fa25b9-6842-3a3c-bef2-2eb383ad525e,CONSTELLATION HOSPICE MA LLC,180 LOW ST,NEWBURYPORT,MA,019503519,42.815683050000004,-70.89666045994463,9789043059,0.0,2
4b7c1695-a178-3e03-8651-51acfd3b8372,DOCTORS JAMES AND KELLY HOYE PARTNERS IN FAMILY CARE,600 OLD SOMERSET AVE,NORTH DIGHTON,MA,027641824,41.86399,-71.1244904,5088247557,0.0,914
59b83717-c85e-30fe-bdf7-3717c490afb2,MARCUS WELLNESS INC,800 WASHINGTON ST,NORWOOD,MA,020623487,42.1886973,-71.2005241,7817694006,0.0,28
0b5f4cda-f9ae-36a8-a94c-ffbf56f45236,ALL CARE HOSPICE INC.,210 MARKET ST,NORTH ANDOVER,MA,018451656,42.6839894,-71.1127065,7815982454,0.0,23
6adc9d34-9b73-3285-abb7-56e567f1ba26,WELLESLEY HEALTHCARE SOLUTIONS LLC,271 NAHANT RD,NAHANT,MA,019081341,42.42554385,-70.91995214383596,7815810420,0.0,22
18764c6a-31fe-391c-80ac-6a5b761e06d6,19 OBERY STREET OPERATOR LLC,19 OBERY ST,PLYMOUTH,MA,023602129,41.94456995,-70.64966444737888,5087474790,0.0,8
96e9e829-0b71-3ad3-8b41-60e25b5d47d7,ADVOCATE HEALTHCARE OF EAST BOSTON LLC,111 ORIENT AVE,EAST BOSTON,MA,021281006,42.39055278090538,-71.00587148689957,6175692100,0.0,36
84de2bcf-1b1a-3ce2-9f6d-9e0cb34991f6,VANTAGE HEALTHCARE LLC,45 DAN RD,WELLESLEY,MA,024813503,42.2964859,-71.2925571,7818672050,0.0,1811
0f9d1260-db33-3483-b2b6-5483cfcb739c,ENHANCED MEDICAL CARE  LLC,361 WOODWARD ST,WABAN,MA,024682027,42.326011949999994,-71.2254251580706,6177774080,0.0,3752
a8679bce-06b4-30a1-81de-83c4a503cbc5,COMPREHENSIVE PRIMARY CARE LLC,95 CHAPEL ST # 3-D,NORWOOD,MA,020623155,42.194543,-71.1994976,7817622626,0.0,130
5e489fd6-944d-31a8-962e-8f7a8c6e3898,CENTURY HOMECARE LLC,65 WATER ST STE 2,WORCESTER,MA,016045041,42.2569279,-71.7953287,5087624040,0.0,20
980d9bfa-a344-3bff-8c02-232dd0e8fd34,EDEN HOME HEALTH CARE LLC,100 TRADE CENTER SUITE G-700,WOBURN,MA,018011851,42.4792618,-71.1522766,7812025401,0.0,984
f480acd0-7ef1-350d-aae6-d8e7d53ace57,MANET COMMUNITY HEALTH CENTER  INC.,1193 SEA ST,QUINCY,MA,021693544,42.26883395,-70.95264075087945,6174718683,0.0,512
794b1cc2-97be-30a4-83a0-4bf6add43c74,ST JOSEPH MANOR HEALTH CARE INC,215 THATCHER STREET,BROCKTON,MA,023023949,42.0740963,-70.99660306096918,5085835834,0.0,9
440fa4b8-c731-3cf5-81d9-aa3f30a37b95,LAHEY HOSPITAL & MEDICAL CENTER  BURLINGTON,41 & 45 MALL ROAD,PEABODY,MA,019602901,42.5278731,-70.9286609,7817445100,0.0,4554
0fab3c4e-a028-39a6-b15a-be5a88b6aa2a,ENCOMPASS HEALTH REHAB HOSPITAL OF WESTERN MASS,222 STATE STREET,LUDLOW,MA,010563437,42.15547415,-72.47222226666076,4135897581,0.0,359
b0016371-afcb-37a6-8f90-5e3786e7806f,JEWISH HEALTHCARE CENTER INC,629 SALISBURY ST,WORCESTER,MA,016091120,42.2932691,-71.8390048,5087988653,0.0,2
3b021cb6-4745-3d9d-8436-230055f770bd,BETH ISRAEL DEACONESS HOSPITAL-NEEDHAM  INC.,148 CHESTNUT ST,NEEDHAM,MA,024943238,42.27728075,-71.23665362814043,7814533000,0.0,85531
7b95b4ab-5bb6-3abc-b0e5-02689f84228d,READING INTERNAL MEDICINE ASSOCIATES INC,20 POND MEADOW DR,READING,MA,018673261,42.516645499999996,-71.09917578750729,7819440040,0.0,261
86880e58-8753-3c63-b057-33781df70528,WELLNESS WITH LANEY LLC,49 SAMOSET AVE,HULL,MA,020452512,42.2810432,-70.8703157542509,4133451564,0.0,38
52261c45-f32b-3666-9da7-890705373c9d,ACCENTCARE OF MASSACHUSETTS  INC.,30 PERWAL ST,WESTWOOD,MA,020901928,42.21397175,-71.1786332019174,7815515600,0.0,16
aaa7ebaf-b1a0-38c1-ba89-a16712cf431c,BRIDGEWATER NURSING HOME,16 PLEASANT STREET,BRIDGEWATER,MA,023242420,41.98625885,-70.97978204646246,5086974616,0.0,163
ab074997-79db-3114-b6ac-5c21cda8ee3a,REGALCARE AT HARWICH LLC,111 HEADWATERS DR,HARWICH,MA,026451028,41.705945549999996,-70.08904355,5084301717,0.0,37
6b209cfb-56fd-31b8-895e-c936839bfa1d,SALMON HOME CARE LLC,37 BIRCH ST,MILFORD,MA,017575501,42.1424349,-71.48943173357203,5088983490,0.0,146
ce53c877-0290-390a-b4b4-2462001a1713,CIRCLE HOME,847 ROGERS STREET  SUITE 201,LOWELL,MA,018524345,42.6275246,-71.27673639687623,9784599343,0.0,272
34f0b10a-5e29-31de-a75e-e0bb03c0c0d4,WESTON PRIMARY CARE  PC,56 COLPITTS RD,WESTON,MA,024931568,42.36610065,-71.3036759,7818910906,0.0,48
929d7ec5-3ee7-35ab-a056-91f60788c234,ADAPS HEALTHCARE LLC,474 PLEASANT ST,NORWOOD,MA,020624531,42.1816837,-71.19722229999999,7818565072,0.0,325
57e4e5fa-d68d-3caa-a5ad-37beb1b51207,STEWARD NORWOOD HOSPITAL INC,800 WASHINGTON ST,NORWOOD,MA,020623487,42.1886973,-71.2005241,7812784120,0.0,820
2c1eda9d-6d75-3c4e-86f1-d850d4ccfcdf,BEAUMONT WHITNEY PLACE NORTHBOROUGH,238 W MAIN ST,NORTHBOROUGH,MA,015321804,42.31181264999999,-71.65685612428547,5083932368,0.0,3
195620ae-835c-3da6-8600-3bd89fe8292d,ELIZABETH SETON RESIDENCE INC,125 OAKLAND ST,WELLESLEY HILLS,MA,024815338,42.308723900000004,-71.26421651568413,7812372161,0.0,50
be895734-2bc8-387a-8897-7023aee72926,BOSTON HOME CARE LLC,12A ELMWOOD ST,REVERE,MA,021514604,42.420126,-70.997252,3392260862,0.0,25
05b2593e-1bc1-32ee-8d9f-0aad4fa74ff0,VA Boston Healthcare System  Brockton Campus,940 Belmont Street,Brockton,MA,02301,42.065655,-71.05398,508-583-4500 Or 508-583-4500,0.0,3531
c92cc255-6778-3307-8092-987d667be4ce,SALEM FAMILY HEALTH CENTER,89 FOSTER ST,PEABODY,MA,019608925,42.5278731,-70.9286609,9785324903,0.0,310
00ffb204-07b4-3c72-a678-fa252e6cf86c,BEDFORD-LEXINGTON INTERNAL MEDICINE  PC,450 BEDFORD ST,LEXINGTON,MA,02420,42.47370735,-71.25090005,7812746274,0.0,793
ad82d624-72eb-3c7d-a76d-79f2668d1390,WOODLAND INTERNISTS  P.C.,3 WOODLAND RD,STONEHAM,MA,021801711,42.452443099999996,-71.08939988105112,7816627990,0.0,9473
8424b5ec-ba0a-32e9-94ae-a9d397884093,GENTLE HOME CARE SERVICES,49 BLANCHARD STREET  SUITE 101,LAWRENCE,MA,018431456,42.69651155,-71.1612176954981,9782588479,0.0,1139
3498e7d3-90fd-366b-bc6a-6f41dad6bae6,COLEMAN HOUSE,112 WEST MAIN STREET,NORTHBOROUGH,MA,015321824,42.318559050000005,-71.65097281611972,5083519355,0.0,10
37111f41-8bc5-35d3-9cd9-5b447a11ffd1,NEVINS NURSING & REHABILITATION CENTER,TEN INGALLS COURT,METHUEN,MA,018443712,42.7262016,-71.1908924,9786827611,0.0,77
cf188e5a-8e03-39fa-9b64-542d64aff1eb,EASTERN ORTHODOX MANAGEMENT CORPORATION,300 BARBER AVE,WORCESTER,MA,016062476,42.295748599999996,-71.7982883685108,5088521000,0.0,1
68ea50ba-275f-3f6c-ad1f-0aefae7144eb,25 ARMORY STREET OPERATOR LLC,25 ARMORY ST,WEST NEWTON,MA,024652110,42.3504314,-71.21988040449209,6179692300,0.0,9
945104f1-4b95-3eed-bd02-5efa0afbf34d,DIGNITY HOSPICE CARE INC,20 CENTRAL AVE # 506,LYNN,MA,019011201,42.46410018181818,-70.9465129090909,8572054114,0.0,67
e854f053-5621-31fa-afa1-29040b0d7466,MATTAPAN COMMUNITY HEALTH CENTER  INC.,1575 BLUE HILL AVE,BOSTON,MA,021262122,42.2698727,-71.0940406,6172960061,0.0,103
1563fcb4-76a9-3ea4-863d-e276f38b9b3e,GREATER LAWRENCE FAMILY HEALTH CENTER INC,700 ESSEX STREET,LAWRENCE,MA,018414396,42.7020708,-71.17231,9786892400,0.0,1621
fbd4ccdf-2fdb-3652-9bbe-1ccff886bd34,CROWN HOME HEALTHCARE MA  INC,320 CENTRAL STREET  UNIT A2,SAUGUS,MA,019062372,42.4632069,-71.0093761,7812153815,0.0,742
b8e724d5-b999-3029-8a2d-ad30fbd0b9ce,BROCKTON NEIGHBORHOOD HEALTH CENTER  INC,63 MAIN ST,BROCKTON,MA,023014042,42.084598840000005,-71.01995972,5085596699,0.0,83
901c2d40-1ca3-3879-9a20-c663b8adc0a9,TUFTS MEDICAL CENTER,800 WASHINGTON STREET,STONEHAM,MA,021802445,42.4863168,-71.0928919,6176365000,0.0,10875
6170552c-4d27-3e64-8068-64a380f1837d,WP ACQUISITION SUB LLC,76 SUMMER ST,HAVERHILL,MA,018305814,42.7786873,-71.07306505177553,6158616000,0.0,5120
22249c0a-8ce9-3726-a3bb-b037c773ce5c,BOSTONIAN NURSING CARE & REHABILITATION CTR  THE,337 NEPONSET AVENUE,DORCHESTER,MA,021223103,42.2875144,-71.0470691675753,6172652350,0.0,21
7a75decf-7d3f-3b0d-8c2b-3abf0a8c7f58,NEW ENGLAND PROFESSIONAL HOME HEALTH CARE LLC,169 LIBERTY ST,MIDDLETON,MA,019491003,42.615226050000004,-71.0144865346162,(978) 406-1327,0.0,44
46a09a29-4bda-3572-89dd-5def154669ed,REVOLUTION AT SARAH BRAYTON PLACE LLC,4901 N MAIN ST,FALL RIVER,MA,027202080,41.758923100000004,-71.11356439219409,5086751001,0.0,6
6b2e5b97-70f6-3219-8c99-86de138e6808,PARTNERS IN INTERNAL MEDICINE PC,123 SUMMER ST,WORCESTER,MA,01608,42.26496835,-71.79655403681465,5083637300,0.0,70
27bf2e46-7445-35e7-9106-3ce1b074db47,LIFE CARE CENTER OF MERRIMACK VALLEY,80 BOSTON RD,NORTH BILLERICA,MA,018621034,42.5871093,-71.2948553,9786672166,0.0,11
e1818b21-4458-3b9c-b2b8-7ed6f57ae078,LIFE CARE CENTER OF WILBRAHAM,2399 BOSTON ROAD,WILBRAHAM,MA,010951185,42.14668485,-72.45048427046072,4135963111,0.0,21
f3238779-4ca7-309e-ba0b-c6cce084ccaf,IN HOME NURSING AND REHABILITATION LLC,356 MAIN ST,HAVERHILL,MA,018304008,42.7828744,-71.07777605304592,9788493142,0.0,21
328f813e-4de8-3ec2-a113-43f3ddfb0b2a,DILIGENCEHEALTHCARE,30-40 WESTPARK STREET,BROCKTON,MA,023015241,42.0834335,-71.0183787,8574539843,0.0,38
104e9a82-1eed-365e-9ffb-a8c9ef749888,BOSTON UNIVERSITY MEDICAL CENTER UROLOGISTS  INC.,725 ALBANY STREET,NORWOOD,MA,02062,42.194543,-71.1994976,6176388485,0.0,64
200746fc-5d0f-3ec7-a2a9-3d9a219ee139,COMPASSIONATE CARE HOSPICE,800 CUMMINGS PARK  SUITE 3100,WOBURN,MA,018016355,42.4977745,-71.1237712,7819355550,0.0,184
d6600c68-8a26-3a88-86e2-99517365c10a,New Bedford Outpatient Clinic,175 Elm Street,New Bedford,MA,02740,41.635937,-70.92991,508-994-0217,0.0,12825
954e01a8-3b27-314e-9c77-254f1ac9c917,Plymouth Outreach Clinic,116 Long Pond Road,Plymouth,MA,02360,41.924313,-70.656654,800-865-3384,0.0,6497
dd3307db-114c-3f11-be44-a9eef6bb3fc5,LYNN COMMUNITY HEALTH,269 UNION STREET,LYNN,MA,019011201,42.4652772,-70.94362420273097,7815962502,0.0,2503
36d96ba1-1b43-3fda-b4b0-84205d5b3a16,EMANUEL DEVELOPMENT CORPORATION,10 BELLAMY ST,BRIGHTON,MA,021351502,42.354847649999996,-71.16853348093532,6177828113,0.0,5
9b1f8cd0-2246-3f4f-82df-23ea314c7665,LOWN ACQUISITION LLC,800 ESSEX ST,LAWRENCE,MA,018414617,42.70162725,-71.1755487945157,7818262393,0.0,89
15d4c950-4691-3996-b4c4-bf06bfb58ff7,HOLY FAMILY HOSPITAL,70 EAST ST,METHUEN,MA,018445883,42.7285558,-71.16833738237946,9786870151,0.0,3165
655f2a4f-419c-39d3-8ed6-6c4117eb7e32,NORTH READING INTERNAL MEDICINE PC,21 MAIN ST,NORTH READING,MA,018641326,42.566971949999996,-71.10799861135133,9782760100,0.0,257
118e081c-c2f2-35cd-b9c3-ef534f1b7830,BEAR MT READING LLC,1364 MAIN ST,READING,MA,018671137,42.55581805,-71.10585713492983,7819421210,0.0,4
5018c664-e283-30eb-932a-529d9a19b3b5,FIRST PSYCHIATRIC PLANNERS  INC,300 SOUTH ST,WOBURN,MA,018014979,42.473347,-71.144086,6174690300,0.0,7636
2e8b42f8-4300-30a9-a576-d513d1021a0a,GREATER LOWELL FAMILY PRACTICE PC,600 CLARK RD,TEWKSBURY,MA,018761699,42.63120935,-71.27023603178071,9784538446,0.0,3176
0caa0116-ef9a-3d4c-bcff-9c405a9d2bda,TRANQUILITY HEALTH AND WELLNESS PROFESSIONALS LLC,105 CHESTNUT ST STE 35,PLYMOUTH,MA,023604054,41.884685,-70.847219,5085633003,0.0,11080
5ba77f2c-8ce5-3dde-bb46-3ffcceb3bfbf,188 FLORENCE STREET OPERATOR LLC,188 FLORENCE ST,CHESTNUT HILL,MA,024672641,42.31835025,-71.17401686317635,6173324730,0.0,13
f7171d7c-0d92-33cf-98dc-abd628d79750,ARMENIAN NURSING & REHABILITATION CENTER  INC.,431 POND ST,JAMAICA PLAIN,MA,021303402,42.310128500000005,-71.1321602569144,6175222600,0.0,4
39c15c0f-5c49-311e-99d2-1fb99d80e06e,HARBOR HEALTH SERVICES INC,398 NEPONSET AVE,DORCHESTER,MA,021223134,42.286764399999996,-71.04402811508834,6172823200,0.0,115
c3e56d13-ebb5-3d4d-908f-3f2a6a4de7aa,JOHN SCOTT HOUSE NURSING & REHABILITATION CENTER,233 MIDDLE ST,BRAINTREE,MA,021844840,42.2180597,-70.9924896,7818431860,0.0,7
bccd7d67-203c-3d93-b6b0-bff5a146cd1d,CARECENTRAL URGENT CARE MEDICAL GROUP PC,286 WASHINGTON ST,STOUGHTON,MA,020721763,42.1384306,-71.1022598,7813412800,0.0,506
550ecbdd-eb8d-3343-b539-33e4e96edf53,MULTICULTURAL HOME CARE  INC,330 LYNNWAY,LYNN,MA,019011712,42.458069,-70.948844,7815962323,0.0,36
263d1b03-1560-3fc3-b93d-c33a0cbd5837,HOSPICE SERVICES OF MASSACHUSETTS,10 RIVERSIDE DRIVE  STE 201,LAKEVILLE,MA,023471689,41.8771119,-70.92344635,5082910049,0.0,2240
32741060-a632-36de-907b-3c21caacf07a,REVOLUTION AT SOMERSET POINT LLC,455 BRAYTON AVE,SOMERSET,MA,027262642,41.7294555,-71.16190171707717,5086792240,0.0,246
432821fe-58ed-33eb-823c-b4447a52c7e9,DYOUVILLE TRANSITIONAL CARE INC,1071 VARNUM AVE,LOWELL,MA,018541131,42.64497212195122,-71.36843231707317,9785691071,0.0,2
a2a41caf-758f-3962-8e5f-e6e603f93d17,VIBRA HOSPITAL OF WESTERN MASSACHUSETTS LLC,111 HUNTOON MEMORIAL HWY,ROCHDALE,MA,015421305,42.2020225,-71.89891616754682,5088926000,0.0,142
8ae6a210-708f-3b23-b7d3-ac7948abd2b0,EDWARD M KENNEDY COMMUNITY HEALTH CENTER INC,631 LINCOLN ST,WORCESTER,MA,016052010,42.2975664,-71.76536802164628,8008532288,0.0,138
db28cc9a-fdfb-35a6-aef7-ab9b933ef244,CAMBRIDGE REHABILITATION & NURSING CENTER,8 DANA STREET,CAMBRIDGE,MA,021385402,42.3694992,-71.11011030010101,6178644267,0.0,561
19a65317-5d32-355e-8f82-88933d48366d,LAKEVILLE FAMILY MEDICINE PC,5 PRECINCT ST,LAKEVILLE,MA,023471468,41.8455651,-70.95195924208448,5089476666,0.0,2024
ee6705d5-db4a-3120-bbe1-1e72972a841f,LOWELL COMMUNITY HEALTH CENTER  INC.,101 JACKSON ST,LOWELL,MA,018522103,42.64221447368421,-71.31029421052632,9784411700,0.0,288
5bc2058f-ad4a-3bb5-9686-54c94d894c7d,CREATIONS HEALTH CARE INC,1629 CENTRAL ST.,STOUGHTON,MA,020721693,42.1313062,-71.12431190000001,6174354633,0.0,26
bfb9ab7d-7b8a-36c9-ac27-d210a6f6f412,ROYAL HEALTH GROUP LLC,8 LEWIS POINT ROAD,BUZZARDS BAY,MA,025325613,41.745383,-70.618087,5087595752,0.0,1
a6fb79e7-4abb-3a68-b62d-e501427fdca4,AUBURN PRIMARY CARE AND AESTHETICS,489 WASHINGTON ST STE 202,AUBURN,MA,015015709,42.187836,-71.83104,5087969211,0.0,135
756ed90d-15f4-377d-b99f-ca1de5633481,MEDWAY COUNTRY MANOR SKILLED NURSING & REHABILITAT,115 HOLLISTON ST,MEDWAY,MA,020531954,42.158983899999996,-71.41067830029175,5085336634,0.0,10
9d0e702d-50a0-3f4c-9126-0951d560fd4b,NEW ENGLAND REHABILITATION SERVICES OF CENTRAL MASSACHUSETTS INC,189 MAY ST,WORCESTER,MA,016024339,42.25986305,-71.83597786023279,5087916351,0.0,3968
f0e3e152-0b08-3819-b962-b043f63f6dc1,NORTHWOOD REHABILITATION & HEALTHCARE CENTER,1010 VARNUM AVENUE,LOWELL,MA,018541915,42.6422606,-71.36626685573418,9784588773,0.0,12
c656d426-a307-372e-85f4-add29b4f178b,VMD PRIMARY PROVIDERS OF RHODE ISLAND PC,174 ARMISTICE BLVD STE A,FALL RIVER,MA,027212367,41.7010642,-71.1546367,4017530500,0.0,841
81b1ef2b-8d3c-3923-859d-ae56099e037a,19 VARNUM STREET OPERATING COMPANY  LLC,19 VARNUM STREET,LOWELL,MA,018502132,42.6520846,-71.29979019978185,9784545644,0.0,14
ea8d287f-b3a9-3800-8798-788e334ee406,NORTH SHORE MEDICAL CENTER INC,81 HIGHLAND AVE,SWAMPSCOTT,MA,019072928,42.4699241,-70.9171507,9783542065,0.0,6074
c7542447-e06e-32cb-b6db-243c23a0dbc2,FRANCISCAN HOSPITAL FOR CHILDREN INC,30 WARREN ST,BOSTON,MA,021353602,42.3501483,-71.14393324457691,6172543800,0.0,3743
d9fe2c9c-135e-3da3-8de8-1a0ff165d886,JEWISH FAMILY & CHILDREN'S SERVICE,1430 MAIN ST,WORCESTER,MA,016091121,42.2492003,-71.92931780325071,7816475327,0.0,115
50c47685-8125-3c50-8311-8bd7ba9e9108,BOSTON MEDICAL CENTER CORPORATION-,4199 WASHINGTON ST,ROSLINDALE,MA,021311733,42.2871447,-71.1277526,6173234440,0.0,320
6dafa732-cdaa-37ab-a33c-b14878e841d7,CONTINUING CARE AT BROOKSBY VILLAGE,400 BROOKSBY VILLAGE DRIVE,PEABODY,MA,019601488,42.55186794282506,-70.97276672693852,9785362150,0.0,29
87f3b181-1c52-3161-a15a-ea2d9a04b35f,KD MEDICINE & WELLNESS PLLC,565 TURNPIKE ST STE 71,NORTH ANDOVER,MA,018455936,42.664934200000005,-71.11635234067887,5086410235,0.0,2864
46375470-1e20-3ddc-8dc5-010ba53826b6,BAYSTATE WING HOSPITAL CORPORATION,40 WRIGHT ST,PALMER,MA,010691138,42.16934095,-72.34120457065711,4132837651,0.0,173
47fb5a56-bee5-3ecd-9958-706b20831c82,BETH ISRAEL LAHEY HEALTH AT HOME,600 CUMMINGS CENTER  SUITE 270X,WOBURN,MA,018016356,42.4792618,-71.1522766,9789212615,0.0,149
30547c24-6d41-3a9d-8a21-cc3606224d38,MILTON HC OPERATING LLC,1200 BRUSH HILL ROAD,MILTON,MA,021862337,42.23073215,-71.122659913074,6173330600,0.0,1
72f50aa0-d8c9-34dc-ac58-c428323f3bcd,BOSTON HEALTH CARE FOR THE HOMELESS PROGRAM INC,55 FRUIT ST,BOSTON,MA,021142696,42.36286045,-71.06875296664998,6177262707,0.0,2260
1cd20733-c6b9-31f9-b7c7-0c9357fcb560,NEWTON WELLESLEY PRIMARY CARE P C,40 WALNUT ST,WELLESLEY,MA,024812102,42.32553365,-71.25238403429299,7819433000,0.0,783
3fea2678-1991-3390-b5f1-ebe38f28888b,ATLANTIC PRIMARY CARE PC,135 WEBSTER ST,WEYMOUTH,MA,021901613,42.2212188,-70.9391625,7818715030,0.0,253
eee00932-ca82-36bc-b7e8-e3fff6dbaeaa,DANA FARBER CANCER INSTITUTE,450 BROOKLINE AVE,WEYMOUTH,MA,021893141,42.2212188,-70.9391625,6176323000,0.0,12895
2a89c2eb-252b-39f1-a189-d9dd841c116f,PATIENT CARE SOLUTIONS LLC,319 LYNNWAY,LYNN,MA,019011706,42.4585669,-70.94941631053791,7815950311,0.0,26
be509ccb-bfb7-3b87-8945-8426b689ef9d,BOSTON HOME  INC (THE),2049 DORCHESTER AVENUE,BOSTON,MA,021244742,42.3554334,-71.060511,6178253905,0.0,686
6f90eaad-abe3-3ce0-b9a6-2031c5674f0d,MYHOME HEALTHCARE PLLC,800 TURNPIKE ST STE 300,NORTH ANDOVER,MA,018456156,42.66074825,-71.10724143845708,9783877087,0.0,1049
c0719377-d40a-3e9c-9f7c-af47c93b3f40,CARBON HEALTH PRIMARY CARE OF FLORIDA PA,80 SUMMER ST STE 1,BOSTON,MA,021101218,42.35403315,-71.05809515865283,6178652749,0.0,80
f087b01f-da5c-3db6-bb6d-8a3cf3e630c5,WEBSTER SQUARE MEDICAL CENTER  INC,255 PARK AVE,WORCESTER,MA,016091989,42.26491135,-71.8185187,5087559776,0.0,131
1214636f-3c27-3011-a715-3191a36a2a85,ALLIANCE HEALTH OF LYNN INC,28 ESSEX ST,LYNN,MA,019021754,42.47493315,-70.9274241816419,7815955500,0.0,10
dfd5fe59-8d26-396f-8f7b-c4f239cb0057,BRYMAC HOMEHEALTH LLC,9 CENTRAL ST STE 403,LOWELL,MA,018521930,42.64537033333333,-71.3084680952381,9784017574,0.0,16
6873525f-1680-3ceb-b536-270d44b46e2e,UPHAMS CORNER HEALTH COMMITTEE INC,500 COLUMBIA RD,DORCHESTER,MA,021252322,42.3147979,-71.067633,6172878000,0.0,171
f8918a95-31e8-3ac4-8d12-29ca6080ebda,BETH ISRAEL DEACONESS HOSPITAL MILTON INC,199 REEDSDALE RD,MILTON,MA,021863926,42.251368299999996,-71.0768393856917,6173131214,0.0,602
9cec3b3c-fe3f-344e-b9c3-e414dafcd19f,120 MAIN STREET OPERATOR LLC,120 MAIN ST,MALDEN,MA,021486904,42.41918695,-71.06618960434116,7813245600,0.0,102
8d5880eb-1dd8-31ea-b7c5-21709f3bb341,MELROSE INTERNAL MEDICINE ASSOC PC,50 ROWE ST,MELROSE,MA,021763201,42.4592093,-71.06078096379728,7819793800,0.0,10148
ca9ee1b8-abeb-3b62-a017-8839fbe10847,M I NURSING & RESTORATIVE CENTER,172 LAWRENCE STREET,LAWRENCE,MA,018413849,42.7138132,-71.1639172,9786856321,0.0,5
0ec04450-c150-322d-b2c3-1449d672a23c,MANET COMMUNITY HEALTH CENTER  INC.,110 W SQUANTUM ST,NORTH QUINCY,MA,021712122,42.27259075,-71.03082765,6173763000,0.0,56
ed15e49b-cf32-3534-ab69-4ac95f445185,UNITING WITH YOU HOME CARE LLC,154 HUMPHREY ST STE 2,SWAMPSCOTT,MA,019072512,42.46782265510134,-70.91636048298452,7819220137,0.0,54
3ff0f58b-7a1f-3334-9449-ff15f68b7d86,BETH ISRAEL DEACONESS HOSPITAL PLYMOUTH INC,275 SANDWICH ST,PLYMOUTH,MA,023607761,41.94186605,-70.6455366462985,5087462000,0.0,31389
4e0ec952-dd08-359e-87af-b13809b955ac,DEARBORN WELLNESS  LLC,37 DERBY ST,QUINCY,MA,021697564,42.2509914,-71.0037374,8572888508,0.0,84
09434cf4-ae0d-32ad-bc16-5ce7b0e5c12b,Brockton Vet Center,1041L Pearl St.,Brockton,MA,02301,42.055134,-71.06661,508-580-2730 Or 508-580-2730,0.0,8936
171254da-957c-304a-b3fc-51a2d3ebee43,Haverhill Community Based Outpatient Clinic (CBOC),108 Merrimack St.,Haverhill,MA,01830,42.77449,-71.07901,800-838-6331,0.0,3626
8ddbad9e-b5fc-3895-8a1c-17f32197a865,BROAD REACH HOSPICE,1455 MAIN STREET,CHATHAM,MA,026332083,41.6827332,-69.98755685244114,5089454601,0.0,20
093afe86-737c-38d9-b4e7-154bf0449719,CULTURED CARE  INC.,33 JAMES REYNOLDS RD STE E,SWANSEA,MA,027773429,41.770450800000006,-71.26445861400265,5083799060,0.0,30
7e8bd0f2-2746-355e-92ef-9473818c58a2,BLISSFUL HOMECARE  LLC,90 SUTTON STREET  SUITE 3-4,NORTH ANDOVER,MA,018451655,42.705281049999996,-71.13643624887442,9787255505,0.0,244
dd280187-8662-3732-af81-595d10572911,4499 ACUSHNET AVENUE OPERATING COMPANY  LLC,4499 ACUSHNET AVE,NEW BEDFORD,MA,027454707,41.74026055,-70.9450945705336,5089956900,0.0,29464
a6964d47-8af0-3df2-b99d-d8414eb1cfa3,ARBOUR-FULLER HOSPITAL,200 MAY ST,SOUTH ATTLEBORO,MA,027035520,41.924394750000005,-71.36076410900014,5087618500,0.0,3887
004554b4-3068-3938-832d-fa7cbe1cd1fb,DWYER HOME,25 STONEHAVEN DRIVE,WEYMOUTH,MA,021903951,42.1589443,-70.94970431672323,7816605000,0.0,207
a7b047dd-186a-32de-8187-b0853c05aed6,COUNTRY CENTER FOR HEALTH & REHABILITATION,180 LOW STREET,NEWBURYPORT,MA,019503519,42.815683050000004,-70.89666045994463,9784655361,0.0,4
dac75bc1-cbfa-306b-9a0a-88d5edf3638d,BRIGHTON HOUSE REHABILITATION & NURSING CENTER,170 COREY ROAD,BRIGHTON,MA,021358244,42.3433093,-71.14003855124017,6177310515,0.0,58
b7488009-cd48-3a0d-87c4-6c47d1ceb3c8,ROYAL BRAINTREE NURSING AND REHABILITATION CENTER,95 COMMERCIAL STREET,BRAINTREE,MA,021844301,42.22110375,-70.97097247044559,7818483678,0.0,130
744bdf85-6223-367c-b1ab-e8c8e0a5eb28,TOTAL HEALTH CARE  INC.,2 REEDSDALE RD,MILTON,MA,021863800,42.258080449999994,-71.08070895097364,6176980715,0.0,65
b7b02632-03e1-330a-aa40-fdee22899633,BOSTON UNIVERSITY MEDICAL CENTER RADIOLOGISTS  INC.,840 HARRISON AVE,ROXBURY,MA,021203432,42.3279605,-71.0830607,6176386610,0.0,62
679a8e99-0f35-3eec-94ed-d8341e9fe33c,POPE NURSING HOME,140 WEBB STREET,WEYMOUTH,MA,021882736,42.22281125,-70.96226691624932,7813354352,0.0,386
63b4f233-fb49-3b1e-a17c-2d572367b131,GERMAN CENTER FOR EXTENDED CARE,2222 CENTRE STREET,WEST ROXBURY,MA,021324034,42.27370345,-71.15856364656862,6173251230,0.0,34
92d919ab-8380-3fda-a5f1-838e69b819c1,ZANJABEE INTEGRATIVE MEDICINE AND PRIMARY CARE LLC,300 TRADECENTER STE 4750,WOBURN,MA,018017420,42.4994143,-71.161659,4019525488,0.0,75
af3871c3-2098-3051-bcb7-8a919e194a16,HEALTHCARE SOUTH PC,97 LIBBEY PKWY,WEYMOUTH,MA,021893110,42.19322885,-70.94589987654936,7818032786,0.0,1808
542185c1-943a-30f4-aba0-0efaa92488a4,EVEREST HEALTH CARE SPECIALISTS PLLC,142 LAKE ST,ARLINGTON,MA,024764738,42.40328885,-71.15140830652837,7817772320,0.0,58
0319f6d9-60a3-36ac-9f26-b782d7997b1c,ARLINGTON FAMILY PRACTICE PC,22 MILL ST,ARLINGTON,MA,024764738,42.4177455,-71.1579688,7816464345,0.0,28
a2cc09de-c1e2-3126-8c09-d49f95225281,CHILDREN'S HOSPITAL CORPORATION,300 LONGWOOD AVE,WALTHAM,MA,024532741,42.3756401,-71.2358004,6173554831,0.0,3233
9f2f60a6-87a4-3f45-b753-b63b5b7e9993,NORTH END COMMUNITY HEALTH COMMITTEE INC,332 HANOVER STREET,BOSTON,MA,021131901,42.3647421,-71.0536619,6176438000,0.0,6166
44cb1162-a345-3477-8723-c202a3c8cdcd,HOPKINTON MEDICAL CARE  P.C.,73 W MAIN ST,HOPKINTON,MA,017481619,42.21799145,-71.54005509979045,5084356900,0.0,339
bf5e855f-dd45-36d3-91c0-c17326e072f7,PROGRESS HEALTHCARE LLC,118 FRANKLIN ST FL 3,LYNN,MA,019042654,42.466763,-70.9494939,7813630058,0.0,27
0d7ef8ee-4e45-3b40-9f2b-f558dce71574,PERSONALIZED MEDICAL CARE LLC,200 BOYLSTON ST,CHESTNUT HILL,MA,024672008,42.318869649999996,-71.17524247213663,6175298041,0.0,285
f312977e-8f41-3816-84cc-e5b12ba36955,BRIGHAM AND WOMEN'S FAULKNER HOSPITAL  INC.,1153 CENTRE ST,JAMAICA PLAIN,MA,021303446,42.3017598,-71.12855793387442,6179837470,0.0,240
0519b293-2e92-3eb3-aeef-233da0babc93,PALM SKILLED  NRSING CR & CTR FOR REHAB EXCELLENCE,40 PARKHURST ROAD,CHELMSFORD,MA,018241511,42.6198215,-71.36189212971482,9782563151,0.0,28
5c896155-eb9a-383e-9162-a43ebb7f1cc5,LINDEN PONDS,400 LINDEN PONDS WAY,HINGHAM,MA,020433784,42.1972249,-70.91712645007524,7815347030,0.0,394
389323ef-b127-3a06-a22d-e24aef033e5d,GREATER BOSTON INTERNAL MEDICINE PC,200 PROVIDENCE HWY,DEDHAM,MA,020261881,42.22214545274341,-71.18159060546684,7813261464,0.0,1148
c7d9c6bb-b58e-3837-a78b-05ea645e65c8,ENCOMPASS HEALTH HOME HEALTH OF NEW ENGLAND LLC,30 RIVERSIDE DR STE 203,LAKEVILLE,MA,023471482,41.8753235,-70.92035705583234,7749927068,0.0,825
5a6fa8a5-90e2-3f70-bb3e-3d9dd7ad2f96,CHICOPEE REHABILITATION AND NURSING CENTER LLC,44 NEW LOMBARD RD,CHICOPEE,MA,010204857,42.1678446,-72.54203576723424,7189740266,0.0,1
70e943de-a18b-3e03-a204-ecca2f01b6d1,OAKDALE REHABILITATION & SKILLED NURSING CENTER,76 NORTH MAIN STREET,WEST BOYLSTON,MA,015831130,42.393642299999996,-71.79207534741954,5088356076,0.0,22
e69e7cbb-8362-30d1-83f2-3a0c492fe2b1,PLYMOUTH CARVER PRIMARY CARE  P.C.,110 LONG POND RD,PLYMOUTH,MA,023602642,41.9255829,-70.65514326847389,5087467272,0.0,7364
1ef8d603-bec1-35f5-a830-2a0b919cf47f,SUTTON HILL CENTER,1801 TURNPIKE STREET,NORTH ANDOVER,MA,018456322,42.6355548,-71.0761760490546,9786881212,0.0,82
154cc5db-4906-3411-8aa3-39902c6b3af2,NAPPA FAMILY PRACTICE PC,12 VICTORIA LN,STONEHAM,MA,021802221,42.4916624,-71.10288588889674,0000000000,0.0,787
d13ac855-c068-3b57-8d65-fc3c90f32558,PLEASANT BAY OF BREWSTER REHAB CENTER LLC,383 SOUTH ORLEANS ROAD,BREWSTER,MA,026312870,41.738964949999996,-70.00124453922743,7812550531,0.0,3
afc661fd-71d9-3fc3-adf2-3fc3b5e8a140,BROCKTON HOSPITAL  INC.,680 CENTRE ST,RAYNHAM,MA,02767,41.9487118,-71.0731008,5089417000,0.0,12285
be9a14c1-72a6-3186-b199-fdb070768458,WOBURN NURSING CENTER INC,18 FRANCES ST,WOBURN,MA,018013006,42.488288600000004,-71.15015700746171,7819338175,0.0,8
06cc2462-430f-3322-9c87-7e971125f510,EMERSON HOSPITAL,133 OLD ROAD TO 9 ACRE COR,WESTFORD,MA,018863198,42.5792583,-71.4378411,9782873226,0.0,507
0899da04-19b2-33b7-9d12-db40b0491c1b,BOSTON HEALTH CARE FOR THE HOMELESS PROGRAM INC,780 ALBANY ST,BOSTON,MA,021182524,42.333645250000004,-71.07279114401811,8576541000,0.0,48
479427f6-9419-3eba-b2c2-b037b4b89493,MANET COMMUNITY HEALTH CENTER  INC.,180 GEORGE WASHINGTON BLVD,HULL,MA,020453069,42.2630377,-70.8606109,7819254550,0.0,76
98bf9e06-f827-310f-8022-35ee33686f76,LIGHTHOUSE OF REVERE  INC.,204 PROCTOR AVE,REVERE,MA,021514923,42.41420445,-71.0184707933218,7812863100,0.0,19
dd456e39-9f82-303b-9c3f-5db0e82a437e,FAMILY HEALTH CENTER OF WORCESTER INC,26 QUEEN ST,WORCESTER,MA,016102473,42.25930925,-71.81494729825698,5088607962,0.0,144
4077d432-cd35-3bc6-b48a-17a732573899,GUARDIAN HEALTH NETWORK CORPORATION,142 CANAL ST,SALEM,MA,019704673,42.508501800000005,-70.89659209044149,7816547544,0.0,22
37cba62c-ea42-3930-a1e1-7a285ace4b8a,COMPASSION HOME HEALTH CARE  LLC,58 PRINCETON RD,MALDEN,MA,021484411,42.4367715,-71.05428049538298,6174610259,0.0,16
2b3f6816-b774-3bb5-8654-915e5f712f9c,1650 WASHINGTON STREET OPERATOR LLC,1650 WASHINGTON ST,WEST NEWTON,MA,024652241,42.34253672934744,-71.23694527065257,6172445407,0.0,12
db106514-f254-3402-b6a4-6d210c78c7e2,JOHN ADAMS HEALTHCARE CENTER,211 FRANKLIN STREET,QUINCY,MA,021697833,42.23691085,-71.00237199954586,6174790837,0.0,46
ee7fab6f-6438-394f-b1f2-3e452f8f055a,BLUEBERRY HILL REHABILITATION AND HEALTHCARE CTR,75 BRIMBAL AVENUE,BEVERLY,MA,019156009,42.570099299999995,-70.87108224250409,9789272020,0.0,247
af570aee-a397-372c-8eba-5c2b18662b0f,BYC HEALTHCARE INC,800 W CUMMINGS PARK STE 2250,WOBURN,MA,018016372,42.4961562,-71.1258904921298,7814046923,0.0,410
e52b37d6-60d6-354d-90f9-6e9f9eb1d209,REHABILITATION & NURSING CENTER AT EVERETT (THE),289 ELM ST,EVERETT,MA,021495228,42.4152341,-71.0348323,6173876560,0.0,47
1ce0d1a3-b507-3ad1-afc5-b25bfe48b8dc,STOUGHTON PUBLIC HEALTH ASSOCIATION,10 PEARL STREET,STOUGHTON,MA,020722364,42.125716800000006,-71.1025481568314,7813447011,0.0,4
922d1031-d968-39c2-b73c-d5a495c39068,HINGHAM MEDICAL CARE INC,350 LINCOLN ST STE 1102,HINGHAM,MA,020432801,42.248735,-70.9209846,7817400400,0.0,1183
352f2e3b-0708-3eb4-9f7e-e73a685bf379,MARLBOROUGH HOSPITAL CORP,157 UNION ST,SOUTHBOROUGH,MA,017721215,42.3056501,-71.5245087,5084815000,0.0,204
34f7bdc0-0550-333e-a53f-5e2af5a6d4ec,PLYMOUTH FAMILY OPTOMETRY LLC,212 S MEADOW RD UNIT 5C,PLYMOUTH,MA,023605450,41.9426657,-70.7618592,7742834005,0.0,10790
ef95a6b4-cf95-32c2-b6e5-0488faaa3ac4,VISITING NURSE ASSN OF EASTERN MASS,259 LOWELL ST,SOMERVILLE,MA,021442666,42.3922293,-71.1061564,6177769800,0.0,8
e34d8448-8b98-3f91-9fe7-faeb8a78e1db,ASSOCIATED INTERNISTS OF RANDOLPH  INC.,NEW ENGLAND SINAI HOSPITAL,MILTON,MA,021862377,42.2501425,-71.065573,7813440600,0.0,53
a2d45ee8-b930-3169-b612-f602961ad212,SUNRISE HEALTHCARE LLC,37 MINUTEMAN WAY,SHREWSBURY,MA,015452229,42.288207,-71.73443816915585,6176509959,0.0,150
0fa1cab9-83c1-3c85-b7bc-53d8b922e2f7,METROWEST MEDICAL CENTER,115 LINCOLN STREET,WORCESTER,MA,016081216,42.2768165,-71.795274,5083831000,0.0,689
817f4acb-0184-3146-9ce0-87197d8f115a,READING FAMILY MEDICINE PC,30 NEWCROSSING RD STE 301,READING,MA,01867,42.51809619399502,-71.0959083715027,7819420380,0.0,589
4fa643ae-1f58-3c2e-9f33-0ba56345ad10,COMPASSIONATE HEALTH CARE GROUP LLC,361 MAIN ST,WAREHAM,MA,025712153,41.761384899999996,-70.71911431737183,7746787319,0.0,9698
fa34d205-5ac2-3ba2-80a4-bef345dc57f5,MEDFORD VISITING NURSING ASSOCIATION,37 BROADWAY,ARLINGTON,MA,024745552,42.408086,-71.135914,7816436090,0.0,9
fb4a08b8-57ee-382b-b3cb-43d94f1bb4c0,STANLEY STREET TREATMENT AND RESOURCES  INC,1010 SOUTH MAIN STREET,FALL RIVER,MA,027242855,41.690775450000004,-71.16515282264554,5086751054,0.0,20233
2b97893e-dc50-378b-a266-f089b8450329,HARBOR HEALTH SERVICES INC,250 MOUNT VERNON ST,DORCHESTER,MA,021253120,42.3194571,-71.04610844302991,6172881140,0.0,558
d0894f6b-78d7-338d-82ad-b63de4d40014,MOUNT AUBURN HOSPITAL,330 MOUNT AUBURN STREET,WALTHAM,MA,02452,42.3756401,-71.2358004,6174923500,0.0,3197
310d02fb-ba0c-3b5a-9ab3-8d7bb8e7b661,FAMILY MEDICAL ASSOCIATES  P.C.,709 WASHINGTON STREET,CANTON,MA,02021,42.1561851,-71.1452049,7818285351,0.0,191
2513c728-9d3e-376d-aedd-0f00fde719b2,WALPOLE AREA VISITING NURSE ASSOCIATION  INC.,55 WEST ST,WALPOLE,MA,020811837,42.1442924,-71.2579691,5086681066,0.0,24
5d1b509e-a048-357f-807e-6b863006e337,NEEDHAM WELLESLEY FAMILY MEDICINE PC,65 WALNUT ST,WELLESLEY HILLS,MA,024812118,42.3213892,-71.2586343,7812353444,0.0,2619
3d5fbf38-c781-3e04-8c7e-5a402611b7d4,DAVIS SQUARE FAMILY PRACTICE,260 ELM ST,SOMERVILLE,MA,021442951,42.3955992,-71.1227391,6176669577,0.0,3475
fd5342f0-10c0-3f48-9c7e-7100a64db139,WILLOW MANOR,30 PRINCETON BOULEVARD,LOWELL,MA,018512405,42.6353691,-71.3322833,9789548086,0.0,6
e119dcbb-0c33-3ec1-bf97-5f477799e5cb,312 MILLBURY AVENUE OPERATING COMPANY  LLC,312 MILLBURY AVENUE,MILLBURY,MA,015273622,42.22515325,-71.75735371350069,5087930088,0.0,1
f202fe9c-c1dd-30d5-805e-6a26904dbbce,GEORGETOWN FAMILY MEDICINE LLC,256 GEORGETOWN RD,BOXFORD,MA,019211642,42.697599999999994,-70.98887494259449,9788870222,0.0,400
9ed61c49-1d0c-3774-b528-d75b50938fe2,Quincy Outpatient Clinic,110 West Squantum Street,Quincy,MA,02169,42.272617,-71.03133,800-865-3384,0.0,1633
7ac466c6-7968-33fd-882c-6d5418f88c8a,CHELMSFORD PRIMARY CARE LLC,2 MEETING HOUSE RD,CHELMSFORD,MA,018242700,42.60140085,-71.35097894451894,9782565522,0.0,194
326bc5bc-8da8-3337-a76a-7d44202dae3d,ABERJONA NURSING CENTER  INC,184 SWANTON ST,WINCHESTER,MA,018901921,42.4606573,-71.13806547771736,7817299370,0.0,24
15c0c270-968e-3651-8afe-e162149e5e3e,Lowell Vet Center,10 George Street  Gateway Center,Lowell,MA,01852,42.642513,-71.3062,978-453-1151,0.0,2277
46e66051-c061-3c31-b439-1d71df92db1c,BEAR HILL HEALTHCARE LLC,11 NORTH ST,STONEHAM,MA,021801040,42.50329135,-71.10023035268328,7814388515,0.0,24
52efa2e5-007f-3396-a83a-28ca015f0595,BAYADA HOME HEALTH CARE INC,20 N PARK AVE STE 2200A,PLYMOUTH,MA,023604090,41.960434631488596,-70.67007876763536,5088300999,0.0,734
eb7b9a53-ce15-3de6-85b9-4aa4e3f26bac,BILLERICA HEALTHCARE SOLUTIONS LLC,194 BOARDMAN ST,HAVERHILL,MA,018306405,42.77171213955692,-71.05879730251671,9783735697,0.0,8
19439108-9835-38fe-8ee2-1226a355cfba,NEWTON WELLESLEY CENTER FOR ALZHEIMER'S CARE,694 WORCESTER RD,WELLESLEY,MA,024822837,42.2964859,-71.2925571,7812376400,0.0,794
ba5db88e-396b-39a6-9a0a-e9791bc709b7,BEAR MT ANDOVER LLC,80 ANDOVER ST,ANDOVER,MA,018105606,42.6390425,-71.15835003183432,9784703434,0.0,208
fd938c9f-a355-3ec7-96f8-516240ea1ba2,BEACON HOSPICE LLC,529 MAIN ST STE 126,PLYMOUTH,MA,023604842,41.7664657,-70.7266525,6176172424,0.0,29
edd58f69-ad5f-346b-b1f9-530ccdc895f6,RISE ABOVE WELLNESS HEALTH SERVICES LLC,52 CARPENTER ST,ATTLEBORO,MA,027032472,41.9369576,-71.27996091755344,8572473180,0.0,367
94ac48ba-e215-3ab9-ba88-a0b926d29cef,MEDFORD REHABILITATION AND NURSING CENTER,300 WINTHROP STREET,MEDFORD,MA,021552311,42.421527,-71.11834,7813964400,0.0,87
b3f4de6b-901d-3856-ba81-35dc48a63d17,BLUEPRINT HEALTHCARE LLC,451 ANDOVER ST STE 205,NORTH ANDOVER,MA,018455079,42.6734518,-71.1268776,9789832435,0.0,5591
4ba48ef6-19f2-3177-bfaf-096daaebf26a,SOUTH SHORE HEALTH CARE INC,275 TURNPIKE ST,BRAINTREE,MA,021845328,42.2064195,-71.005067,7818481950,0.0,587
d087a353-12da-3785-b121-fb1291f8a721,CARE4US WELLNESS CENTER LLC,17 CLARENCE ST,WORCESTER,MA,016052430,42.287673653061226,-71.80890779591836,5083456983,0.0,110
e5ce3b83-f5e6-308d-aa64-82539fc2d906,FIRST CHOICE HEALTHCARE  INC.,1842 BEACON ST,BROOKLINE,MA,024451922,42.33728028715071,-71.14536064081996,6172934594,0.0,10
2c2e6afc-9578-3ba5-bb12-eed97d3a823b,BEAR MT MATTAPAN LLC,405 RIVER ST,MATTAPAN,MA,021262210,42.2699017,-71.09061872585616,6172965585,0.0,6
8395b012-c9c6-3b96-a7f9-edd24c9a3006,PLYMOUTH REHABILITATION & HEALTH CARE CENTER,123 SOUTH STREET,PLYMOUTH,MA,023602945,41.9432166,-70.6595797,5087464343,0.0,104
f438b8e0-d856-328a-b193-2b014fc4cb97,D'YOUVILLE SENIOR CARE,981 VARNUM AVENUE,LOWELL,MA,018541913,42.64591185,-71.36487149058269,9784545681,0.0,81
a2047ff6-62f2-34d7-beb9-7e164d989c75,RECUPERATIVE SERVICES UNIT-HEBREW REHAB CENTER,1200 CENTRE STREET,ROSLINDALE,MA,021311011,42.29768,-71.130463,6173258000,0.0,43
936ceb96-2b12-371f-aa68-ee02a9c06f4c,PRIMARY CARE NORTH PC,225 BOSTON ST,LYNN,MA,019043124,42.470497449999996,-70.96003668151566,7815959581,0.0,4256
5d0d1d11-dd8a-3d28-b029-93062b6798a5,BEAUMONT AT UNIVERSITY CAMPUS,378 PLANTATION STREET,WORCESTER,MA,016052324,42.27966095,-71.7626143755108,5087557300,0.0,1
dfcd78f1-f67e-321d-84e3-f658c482c474,PLEASANT BAY HEALTH AND WELLNESS CENTER LLC,64 WOODLANDS WAY,BREWSTER,MA,026312550,41.737807,-70.0036669,5082401110,0.0,522
48a6d3ab-50ef-349e-8945-2558a78f378e,SAINT ANNE'S HOSPITAL,795 MIDDLE ST,SWANSEA,MA,027774114,41.730919,-71.208117,5086745600,0.0,90267
0a8a4b11-d0b8-3cd2-92cd-983de5189cfa,LIFE CARE CENTER OF THE NORTH SHORE,111 BIRCH STREET,LYNN,MA,019021574,42.47859105,-70.93458444045801,7815929667,0.0,660
d3fe08e0-6fdc-36bc-8f88-c8b7654cdcd8,TRINITY HOSPICE LLC,545 SW CUTOFF STE 9,WORCESTER,MA,016071766,42.211685200000005,-71.7968399931798,5087918200,0.0,1
d94fe085-4c7b-36c9-a255-3f700d402d36,FAMILY SERVICES OF THE MERRIMACK VALLEY  INC.,430 N CANAL ST,LAWRENCE,MA,018401246,42.70511426530612,-71.16431740816327,9786839505,0.0,143
bea92616-0fee-39b9-9a23-42c6fd899f35,ERLIN MANOR NURSING HOME INC,10 ERLIN TERRACE,TEWKSBURY,MA,018762666,42.61292480142526,-71.24215126690858,9788513121,0.0,49
7b7ce654-a413-37d1-9d34-97240c0ac580,WOONSOCKET URGENT CARE PC,1 WRENTHAM ST,BELLINGHAM,MA,020192532,42.025037350000005,-71.48945118224057,5083184466,0.0,1620
93bf4a6b-8fb3-3a1e-9be6-4958736f2bfb,1102 WASHINGTON STREET OPERATOR LLC,1102 WASHINGTON ST,BRAINTREE,MA,021845438,42.19876545530798,-71.00672788298964,(781) 848-3100,0.0,1
548e7abd-14d4-3c28-aa82-790240af9e02,WAKEFIELD HEALTHCARE  LLC,1 BATHOL ST,WAKEFIELD,MA,018803655,42.474535700000004,-71.07390865583827,7812457600,0.0,8
7b20d1c4-c56b-3647-801c-5e4e13679073,BETH ISRAEL DEACONESS HOSPITAL PLYMOUTH INC,275 SANDWICH ST,PLYMOUTH,MA,023602183,41.94186605,-70.6455366462985,5087462000,0.0,29269
880c8804-deb0-35b0-9132-06950118b8b3,BRIARWOOD REHABILITATION & HEALTHCARE CENTER,150 LINCOLN STREET,NEEDHAM,MA,024922914,42.2743931,-71.23662905222776,7814494040,0.0,2211
281525ef-5743-34a8-9339-66c8b4be6668,NOTRE DAME HOSPICE,555 PLANTATION STREET,WORCESTER,MA,016052376,42.2907683,-71.7649752,5088525505,0.0,52
2399f9b0-28d7-3355-ae52-474326a3b021,FAMILY HEALTH CENTER OF WORCESTER  INC.,23 N ASHLAND ST,WORCESTER,MA,016093041,42.26901755,-71.80739730766234,5087542860,0.0,61
3e97ce4f-3ad7-3cea-883f-e2bb4ca89d83,HALLMARK HEALTH URGENT CARE PHYSICIANS LLC,30 NEW CROSSING RD,READING,MA,018673270,42.51809619399502,-71.0959083715027,7812801699,0.0,6407
e982819a-87b3-3124-a0f2-85f8afcc7731,DANVERS FAMILY DOCTORS PC,140 COMMONWEALTH AVE STE 202,DANVERS,MA,019233625,42.5524742,-70.94443165548033,9787626262,0.0,79
46daa26f-fda5-38a9-9c45-fda430d28fa6,FIDELIS HOSPICE,25 RAILROAD SQUARE  SUITE 501,HAVERHILL,MA,018325721,42.7736752,-71.08561759491305,9789127842,0.0,1
c0132cf6-1703-3aad-89b4-cc2f2bbc123e,MARISTHILL NURSING & REHABILITATION CENTER,66 NEWTON STREET,WALTHAM,MA,024536058,42.3746705,-71.22789736306842,7818930240,0.0,30
d5920b72-ac1a-3ec4-81ca-e3b75cb7aadd,Causeway OPC,251 Causeway St.,Boston,MA,02114,42.3665,-71.05931,800-865-3384,0.0,22257
71d9e7fe-5a34-3f11-8edb-f79c482785fe,EDWARD M KENNEDY COMMUNITY HEALTH CENTER INC,42 CAPE RD,MILFORD,MA,017573292,42.1274477,-71.5195252,8008532288,0.0,220
36d328a2-68bb-3967-a9bf-00897a7c945f,HANNAH B G SHAW HOME,299 WAREHAM STREET,MIDDLEBORO,MA,023462905,41.869676,-70.873384,5089471184,0.0,1769
5225cc87-6a30-303c-a882-5f001cee7f0e,MANET COMMUNITY HEALTH CENTER  INC.,110 W SQUANTUM ST,QUINCY,MA,021712122,42.27259075,-71.03082765,6173763030,0.0,62
6d6ef57e-b2ce-3a69-bacf-4305c51834b0,VISITING NURSE AT HIGHLAND INC,186 HIGHLAND AVE,SOMERVILLE,MA,021431507,42.38845955,-71.10666839512322,6177764420,0.0,40
c25911bc-3240-358a-86ce-5f45bb8f0c53,TUFTS MEDICAL CENTER COMMUNITY CARE INC,325 WOOD RD,WELLESLEY HILLS,MA,024812188,42.3130588,-71.2738201,7813563336,0.0,2348
a9f0c80c-2cc2-31ea-9ead-d13d373a6fe4,BEAR MT NORTH ANDOVER  LLC,140 PRESCOTT ST,NORTH ANDOVER,MA,018451826,42.7052468,-71.11780689673651,9786858086,0.0,25
552ede7f-2ba4-39ef-9217-29d27b89b8a7,LAKEVIEW HOUSE SKLD NRSG  AND RESIDENTIAL CARE FAC,87 SHATTUCK STREET,HAVERHILL,MA,018302319,42.796917699999995,-71.05216081525802,9783721081,0.0,25
a079d416-e8fe-3286-8ef3-6d289d7b5ad9,Hyannis Outpatient Clinic,233 Stevens St,Hyannis,MA,02601,41.651745,-70.294235,508-771-3190,0.0,187
79d49935-bcc0-36ca-920b-45365c367438,SOUTH BOSTON COMMUNITY HEALTH CENTER INC,409 W BROADWAY,SOUTH BOSTON,MA,021272245,42.336831,-71.047958,6172697500,0.0,995
0f2c58ec-5323-3c0f-9bdf-af0df7eb2a2b,MARIAN MANOR,130 DORCHESTER STREET,SOUTH BOSTON,MA,021272642,42.3334312,-71.0494949,6172683333,0.0,223
6e312f23-ad2d-3ea2-902c-1b85db8700b5,STEADY STEPS HOME HEALTH & REHAB LLC,34 HAYDEN ROWE ST,HOPKINTON,MA,017481889,42.225762599999996,-71.51779715533439,8572720302,0.0,108
680532c8-2661-3b39-875a-b6ec0746ccf5,CHARLES RIVER COMMUNITY HEALTH  INC,30 ATHOL ST,ALLSTON,MA,021341124,42.36075595,-71.13397379082869,6177830500,0.0,65
51370692-6296-3150-8672-559fc73f964f,BRIGHAM & WOMENS HOSPITAL INC,75 FRANCIS ST,WEST BRIDGEWATER,MA,023791542,42.0219112,-71.019004,6177325500,0.0,26252
362cc3af-dcb0-31d0-a2be-a5ba9d016aeb,JEWISH HEALTHCARE CENTER INC,629 SALISBURY ST,WORCESTER,MA,016091121,42.2932691,-71.8390048,5087988653,0.0,6
cdc87240-38e9-36f8-959b-706642e01e11,MASSACHUSETTS EYE AND EAR INFIRMARY -,243 CHARLES ST,STONEHAM,MA,021803559,42.4814675,-71.0924311,6175733089,0.0,8032
c6b019eb-28ec-36f6-abf3-bcc4d1d58966,DUTTON FAMILY CARE ASSOCIATES LLP,33 AVON ST,WAKEFIELD,MA,018802310,42.50403445,-71.07462951514611,7812450402,0.0,1709
31e00f85-6909-3d9f-afc6-5ae507ab0c06,BRAINTREE FAMILY PHYSICIAN INC,382 GROVE STREET,BRAINTREE,MA,021847324,42.189369400000004,-70.98451984814267,7818481555,0.0,1134
dd8f40be-2c90-347a-abf6-c07a5ad4148f,INTERNISTS ASSOCIATED,105 CHESTNUT ST,NEEDHAM,MA,024922520,42.2784618,-71.23770041644639,7814449080,0.0,6599
7f2ffa4e-e192-3b51-b5ca-81bbf077f160,HELLENIC WOMEN'S BENEVOLENT ASSOCIATION  INC.,601 SHERMAN ST,CANTON,MA,020212025,42.1635341,-71.15024107129324,7818287450,0.0,4
b3312a2d-37e9-35a8-b50d-6c165c437baa,DIMOCK COMMUNITY HEALTH CENTER  INC,45 DIMOCK ST,ROXBURY,MA,021191029,42.32030665,-71.09721114916246,6174428800,0.0,160
2836d9ac-c6a6-39d1-8f13-fdf0fc8928f4,TEWKSBURY HOSPITAL,365 EAST ST,TEWKSBURY,MA,018761950,42.6069472,-71.2180803,9788517321,0.0,55620
a2f8d8fe-665e-390f-8b9b-efdc0b14a77c,LOWELL COMMUNITY HEALTH CENTER,161 JACKSON ST,LOWELL,MA,018522103,42.6425382,-71.3093946,9783228590,0.0,505
82c72223-f521-3a34-9b9b-4ff366365399,CARNEY HOSPITAL,2100 DORCHESTER AVENUE,QUINCY,MA,021691870,42.2509914,-71.0037374,6175062000,0.0,4038
7b4c5725-41a1-38e2-8d17-180e0c029fef,PULMONARY & PRIMARY CARE ASSOCIATES OF PLYMOUTH  PC,116 COURT ST,PLYMOUTH,MA,023603808,41.96037605,-70.67160846967218,5087471318,0.0,73
a2e970fd-d145-3b38-ad04-14fc0c054c14,NORTHEAST ARC INC,89 NEWBURY STREET,DANVERS,MA,019231408,42.5649782,-70.97486650013562,9786465200,0.0,9
15e26ce3-9006-3ce2-9327-493180a15ec1,CIRCLE OF LIFE FAMILY MEDICINE PC,6 GROVE ST,NORWELL,MA,020611534,42.172231693916025,-70.87836493029226,3394692707,0.0,132
423ee6a6-6928-3a01-a49d-9687361747a4,SALEM REHAB CENTER LLC,7 LORING HILLS AVE,SALEM,MA,019704267,42.48646565,-70.90338797731044,9787415700,0.0,14
7c625dc4-2593-31eb-95fd-6a912832b8bb,BAYADA HOME HEALTH CARE  INC,980 WASHINGTON STREET  SUITE 124,DEDHAM,MA,020266704,42.228918,-71.18501264023513,6179692600,0.0,322
04b252db-4231-3cb5-963d-6f096fb4b97c,DEDHAM MEDICAL ASSOCIATES URGENT CARE CENTER LLC,1177 PROVIDENCE HIGHWAY,NORWOOD,MA,020625019,42.194543,-71.1994976,7813291400,0.0,802
83579123-f29c-39b8-9f5f-8f79e91683c7,NASH HEALTH CARE PRACTICES LLC,100 CENTURY DR,WORCESTER,MA,016061244,42.3138278,-71.7707002,5083457129,0.0,104
e2eab39c-5195-34aa-b35f-e89e37cfed01,SOUTH SHORE HOSPITAL INC.,55 FOGG ROAD,WEYMOUTH,MA,021893141,42.175539799999996,-70.9539153674405,7813408000,0.0,9965
4fa8411f-42f8-3353-8947-bf15254c9dee,GREENWOOD NURSING & REHABILITATION CENTER,90 GREENWOOD STREET,WAKEFIELD,MA,018804039,42.476321150000004,-71.06922169005762,7812460211,0.0,585
d95bba8c-b1e5-34ba-a091-49765e25465f,AT HOME SENIOR CARE  INC.,36 JACONNET ST STE 104,NEWTON,MA,024611900,42.3115495,-71.21047017443593,6176634881,0.0,25
ca7b6c37-ddf1-3aa2-8bc4-d96cf3fa2fe6,NOTRE DAME HEALTH CARE CENTER  INC,559 PLANTATION ST,WORCESTER,MA,016052350,42.291381799999996,-71.7630578363871,5088523101,0.0,2
21989e2e-249c-3b79-acf0-240211e16b4b,WHITTIER STREET NEIGHBORHOOD HEALTH CENTER,1290 TREMONT ST,ROXBURY,MA,021203432,42.3327398,-71.09194864251029,6174271000,0.0,215
a977feef-f585-3fa8-8deb-7e60fc2cab30,HORIZON HOME CARE  LLC,2314 MAIN STREET,TEWKSBURY,MA,018763128,42.58023655,-71.19367180835906,9788517775,0.0,1071
fdcf2b47-b2fb-355c-8581-0f66edadb8a4,NORTH HILL NEEDHAM  INC.,865 CENTRAL AVE,NEEDHAM,MA,024921316,42.2905133,-71.25420518075296,7814449910,0.0,69
73158a24-c079-3fb1-800a-2d7e26d9c566,ST MARYS INTERNAL MEDICINE PC,6 ESSEX CENTER DR,PEABODY,MA,019602907,42.539944,-70.950156,9788546376,0.0,68
940d491c-ad61-3bd3-9054-d6d884280934,ASHMONT HILL  LLC,321 CENTRE STREET,DORCHESTER,MA,021221112,42.29394375,-71.06005213312326,6178256320,0.0,5
f52777bd-7313-3b27-8dd5-cd3f87bd3275,WALTHAM WESTON INTERNAL MEDICINE ASSOCIATES  P.C.,9 HOPE AVE,WESTWOOD,MA,020902914,42.2139873,-71.2244987,7815476030,0.0,4420
df3f566c-97e5-31ed-b0fe-4b452666f736,CLASSIC HEALTHCARE MEDICAL GROUP LLC,300 CHESTNUT ST,NEEDHAM,MA,024922477,42.27522125,-71.23743483674366,7815590230,0.0,12528
4705a8fd-19cd-32c1-8b3e-34bcfe84d0bd,WELLNESS ON WHEELS PC,55 N WASHINGTON ST,NORTH ATTLEBORO,MA,027601607,41.983529,-71.332241,5083164141,0.0,474
f5ccbb53-e4a0-32e5-a693-02150497a8f4,SOUTH SHORE INTERNAL MEDICINE ASSOCIATES INC.,100 HIGHLAND ST,MILTON,MA,021863881,42.250705749999995,-71.07724199194602,6176988855,0.0,122
497f39dd-280e-3d58-af5b-c5e3a3a09b10,CAPE COD HOSPITAL INC,27 PARK ST,HYANNIS,MA,026015230,41.65363635,-70.27352219234834,5087711800,0.0,6294
f2a6c4f7-f5b2-361a-95c4-3d635b352a46,LIFE CARE CENTER OF RAYNHAM,546 SOUTH STREET EAST,RAYNHAM,MA,027671079,41.8984957,-71.03751432894776,5088215700,0.0,1
54937333-e7d6-3b48-a8dd-cf60aa38d206,QUINCY HEALTH AND REHABILITATION CENTER LLC,11 MCGRATH HIGHWAY,QUINCY,MA,021695311,42.2492941,-70.99830205267904,6174792820,0.0,8
eaaf102d-0188-3a69-a751-030645e2a7b0,TREMONT HEALTH CARE CENTER,605 MAIN STREET,WAREHAM,MA,025711031,41.76766153042966,-70.73096212925822,5082951040,0.0,1780
5608c6ae-1f1d-368e-8172-aea4d9d2aefd,SEACOAST ANGELS HOSPICE L.L.C.,12 KENT WAY STE 210,BYFIELD,MA,019221221,42.75468625,-70.9451078257969,9783581007,0.0,16
08d21a25-abf3-32b9-817b-471143b59289,TAK-PROGRESSIVE HEALTH SERVICES  INC,3352 BROTHERS PL SE,CHELSEA,MA,021502309,42.3917638,-71.0328284,3018060891,0.0,4
accb8cdd-6560-3fef-b0a6-f12c3295026a,LIFE CARE CENTER OF ATTLEBORO,969 PARK STREET,ATTLEBORO,MA,027035115,41.9266899,-71.2611303145582,5082224182,0.0,11
6618f4ef-656a-347f-b61e-ed4d6c21763a,ZAHEEN MEDICAL CENTER LLC,231 SUTTON ST STE 1A,NORTH ANDOVER,MA,018451620,42.70554405,-71.12856345,9786551042,0.0,540
83445caa-116b-3a1e-a75e-8104d321c4c3,LIGHTHOUSE PRIMARY CARE PC,315 MAIN ST STE 101,NORTH READING,MA,018641326,42.596733799999996,-71.11988300141903,9782760100,0.0,11160
7445ae34-b648-3d3a-b8cf-0eb630061b6e,CARING HOSPICE SERVICES OF MASSACHUSETTS  LLC,34 CEDAR ST STE 4,WEST ROXBURY,MA,021324338,42.2792649,-71.1494972,7329016600,0.0,6
390a2aa4-70b4-3a64-a12f-9bd777834c8d,OUTER CAPE HEALTH SERVICES INC,710 MAIN STREET,HARWICH PORT,MA,026461931,41.669654699920855,-70.06169919459835,5084321400,0.0,2029
b52544d0-e4d4-37b4-a0cc-cd31ce2ad580,EDGEWOOD RETIREMENT COMMUNITY  INC.,575 OSGOOD ST,NORTH ANDOVER,MA,018451975,42.700032750000005,-71.10447421114826,9787253300,0.0,6
2f945458-15b3-3b37-88f9-15c877c07989,XANADU HOME HEALTH LLC,12 WINTERBERRY HILL LN,MIDDLEBORO,MA,023461076,41.92111275,-70.98084417612286,5088139994,0.0,215
d0e8679a-02c2-31bb-9d6f-4073835a6b1e,FOREMOST AT SHARON LLC,259 NORWOOD ST,SHARON,MA,020671099,42.142070399999994,-71.19701120843712,7817846781,0.0,5
18a96051-91f4-3cba-af96-056ea14dfee0,ANNA JAQUES HOSPITAL SUBACUTE UNIT,25 HIGHLAND AVENUE,NEWBURYPORT,MA,019503872,42.81369325,-70.89091645747592,9784631056,0.0,3128
c5d5a544-0277-342f-8422-d30848a82438,FAMILY SERVICE ASSOCIATION OF GREATER FALL RIVER INC,151 ROCK ST,FALL RIVER,MA,027203201,41.70365955,-71.15259151299796,5086787542,0.0,6120
c2e93fb4-abf2-3210-b6ec-4d1ecb2b76f0,HAVERHILL FAMILY OFFICE LLC,62 BROWN ST,HAVERHILL,MA,01830,42.76512700000001,-71.04617174286321,9785216555,0.0,197
1214a335-7c67-3a89-8066-6398b0f92717,BEAR MT PARKWAY LLC,1190 VFW PKWY,WEST ROXBURY,MA,021324208,42.28120455,-71.1703629049206,6173251688,0.0,3
ec509895-6196-36d1-b91e-272bed7e6196,CHARLES RIVER COMMUNITY HEALTH  INC,40 ARMINGTON ST,ALLSTON,MA,021342406,42.3521617,-71.1375176,6177830500,0.0,62
b5d7a9c3-9232-3f0e-a707-9aba443ca12f,ALLIANCE HEALTH OF MARBLEHEAD INC,39 LAFAYETTE ST,MARBLEHEAD,MA,019451939,42.49376315,-70.87528080424494,7816316120,0.0,1
aebbaa5c-2d54-3002-8042-83f6513ccbd2,PRIMARY CARE FOR MUSCULOSKELETAL INJURIES PLLC,14 TOWNSIDE LN,WALPOLE,MA,020813541,42.1528227,-71.24396289112357,5088890642,0.0,74
41e2a44c-477c-3511-96f9-12c476aa3b6a,DR SOLOMON CARTER FULLER MENTAL HEALTH CENTER,85 E NEWTON ST,BOSTON,MA,021183553,42.336277100000004,-71.07085295687423,6176268860,0.0,3472
f00601d0-d49e-30ed-bc3e-314379f2103e,MELROSE FAMILY OPTICIANS LLC,490 MAIN ST,MELROSE,MA,021763841,42.4550741,-71.0654799,7816650897,0.0,6458
9d41e4fc-9507-3ddb-82ad-966046fca031,ODD FELLOWS HOME OF MASSACHUSETTS,104 RANDOLPH ROAD,WORCESTER,MA,016062465,42.29955605000001,-71.79838133819244,5088536687,0.0,24
c8c30d67-e7cc-30ab-972d-28e97aff18a7,FATHERS UPLIFT FAMILY GROUP LLC,100A WARREN ST,BOSTON,MA,021242012,42.3279429,-71.0831806,6177080870,0.0,77
79a06fd6-9f2b-35e3-9b11-0bc5ff89e17c,Lynn Community Based Outpatient Clinic (CBOC),225 Boston Road  Suite 107,Lynn,MA,01904,42.470093,-70.95994,800-838-6331,0.0,8915
1583ad66-6200-34e6-9c92-6c6f11016780,CARE FOR LIFE HOME HEALTH AGENCY  LLC,101 ACCESS RD,NORWOOD,MA,020625246,42.18642665,-71.17681574781952,7813498178,0.0,50
0a42bb03-b1a7-347d-82f3-4ba02080e55c,RENAISSANCE FAMILY MEDICINE OF WELLESLEY LLC,332 WASHINGTON STREET,WELLESLEY,MA,024816217,42.310362049999995,-71.27601802190625,7812354088,0.0,2410
c9d7e239-2ffe-3275-b2da-b6d9a8450dfb,HALLMARK HEALTH VISITING NURSE ASSOCIATION AND HOSPICE  INC.,178 SAVIN ST,MALDEN,MA,021482329,42.4295346,-71.08701191781503,7813387800,0.0,64
d2ff60c8-34c8-359e-a9c5-e4f3da28b330,Gloucester Community Based Outpatient Clinic (CBOC),199 Main Street,Gloucester,MA,01930,42.613102,-70.66085,800-838-6331,0.0,58
f5b88e0f-3f0a-3400-b56f-26247e2a35ac,EDWARD M KENNEDY COMMUNITY HEALTH CENTER INC,585 LINCOLN ST,WORCESTER,MA,016051906,42.2962766,-71.7688972944814,5088521805,0.0,70
69195f53-626c-3031-b4de-d0b206f75d8c,LUTHERAN HOME OF JAMAICA PLAIN INC,174 FOREST HILLS ST,BOSTON,MA,021303353,42.306401050000005,-71.10237442688054,6175221550,0.0,9
363631be-d437-3548-98c2-d10b909c1721,SEA VIEW CONVALESCENT AND NURSING HOME,50 MANSION DRIVE,ROWLEY,MA,019691026,42.73718535100735,-70.88053187301136,9789482552,0.0,61
c1986c0c-f756-3596-8f90-08adacf220fe,CHESTNUT WOODS REHABILITATION AND HEALTHCARE CTR,73 CHESTNUT STREET,SAUGUS,MA,019061605,42.4573919,-70.9918055,7812338123,0.0,384
ad2dab07-4f85-3950-baaa-7c7cd2aa770c,UNIVERSITY OF MA MED CTR-ESRD,55 LAKE AVENUE NORTH,WORCESTER,MA,016550002,42.2774799,-71.76166994969458,5088560011,0.0,556
18b1bb7e-2f93-3253-a7ae-d19c13ffeaa1,GARDEN STATE HEALTHCARE ASSOCIATES LLC,29 E 29TH ST,WEST NEWBURY,MA,019854201,42.8014795,-70.989778,2018587394,0.0,111
514c9360-e5ed-3ba7-ba3c-15b249c097d0,272 WASHINGTON STREET OPERATOR LLC,272 WASHINGTON ST,GLOUCESTER,MA,019304818,42.624039100000005,-70.67854005962928,9782810333,0.0,12
477ba784-027f-3180-be31-33b0ac4d97fa,HIGHLY VISIONED LLC,125 MAIN ST,STONEHAM,MA,021801600,42.4934549,-71.1012197,7818320161,0.0,71
a69c3469-9552-3474-9928-20350c16191b,64 PERFORMANCE DRIVE OPERATING COMPANY  LLC,64 PERFORMANCE DR.,WEYMOUTH,MA,021893104,42.196492899999996,-70.94257445685295,7813409800,0.0,11
6edbf018-29e9-371d-a7f1-297377c5723b,FRANCES HEALTH SERVICES LLC,400 W CUMMINGS PARK,WOBURN,MA,018012120,42.4967855,-71.1259286,9785517275,0.0,19
463101f1-0e37-303d-9796-55c74bdf381f,COMPLETE PRIVATE HOME CARE INC,58 OLD BAY RD,MILFORD,MA,01757,42.1413353,-71.5192019,5082441530,0.0,98
d3335d07-2a2c-35d7-9b87-c022393b6793,VICTORIA HAVEN NURSING FACILITY,137 NICHOLS STREET,NORWOOD,MA,020622009,42.1930792,-71.20868232395514,7817620858,0.0,109
0d1570ab-371c-3898-9397-95905d8c5166,TUFTS MEDICAL CENTER  INC,750 WASHINGTON ST,BOSTON,MA,021111552,42.3499038,-71.0631836,6176365442,0.0,6117
1853aeef-5897-326a-80d6-aa4b0459eb6d,BARRINGTON URGENT CARE PC,381 WICKENDEN ST,ATTLEBORO,MA,027032247,41.9438129,-71.2806515,4014337550,0.0,4865
4b7e26e6-e5b1-38c9-b4ac-fde9a0f93177,FATHER BILL'S PLACE,38 BROAD STREET,QUINCY,MA,021694604,42.2560352,-70.99469254391217,8576541706,0.0,454
e6135816-cb29-3e50-b7b8-1df67bdcbce8,DIVERSITY HEALTHCARE CONNECTIONS LLC,330 BOSTON RD,NORTH BILLERICA,MA,018622319,42.5871093,-71.2948553,9784523279,0.0,82
94dda4e1-7476-367a-b1f8-37ea7f61a1b7,WHITTIER REHABILITATION HOSPITAL - BRADFORD,145 WARD HILL AVENUE,WESTBOROUGH,MA,015811017,42.2694308,-71.6129907,9783728000,0.0,175
c56fe86b-652f-3359-ad8e-4b8502d94cb9,BEAR MT WEST ROXBURY LLC,5060 WASHINGTON ST,WEST ROXBURY,MA,021324738,42.2649902,-71.15254191018812,6173235440,0.0,3
bdaa3017-130e-34e9-b3ac-ca6d992e8b50,PENACOOK PLACE  INC,150 WATER STREET,HAVERHILL,MA,018306213,42.77508795,-71.07182802882255,9783740707,0.0,34
22fa6d28-92b6-3446-a388-f5aba50debaf,CHELSEA JEWISH VISITING NURSE AGENCY,123 CAPTAIN'S ROW,CHELSEA,MA,021504019,42.3917638,-71.0328284,6178870826,0.0,382
2ca615f3-87f7-3283-a447-d919a883b676,HANOVER FAMILY HEALTH & URGENT CARE PC,1399 WASHINGTON ST,HANOVER,MA,023391653,42.1441354,-70.8440854,7818290895,0.0,426
c0a33465-d309-3d2a-932e-9d554a7cc19c,T MASSACHUSETTS  LLC,100 CENTURY DR,WORCESTER,MA,016061244,42.3138278,-71.7707002,7743667000,0.0,759
6450f09c-28fc-3815-abfb-62056b72e508,STONY BROOK PRIMARY CARE LLC,20 RESEARCH PL,NORTH CHELMSFORD,MA,018632455,42.6389798,-71.3828403,9784469850,0.0,149
0a689d33-2b0d-3942-8de8-e28812e91c69,MEASURED WELLNESS LLC,47 SEAVERNS AVE # 5,BROOKLINE,MA,024463806,42.3317642,-71.1211635,5137482498,0.0,71
cac6f8b3-eafd-31b3-9fa3-8015752ccc2c,VHS ACQUISITION SUBSIDIARY NUMBER 7 INC,123 SUMMER ST,WORCESTER,MA,016081216,42.26496835,-71.79655403681465,5083636211,0.0,818
e2d3a240-cc9a-3eb2-af09-081a5c164ab4,UNITED HOME CARE SERVICES  INC,119R FOSTER ST,PEABODY,MA,019605933,42.5278731,-70.9286609,9785311772,0.0,15
6e517750-a29e-3170-a02b-5733ff523458,TREE OF LIFE HEALTHCARE ASSOCIATES,101 BARRY RD,WORCESTER,MA,016091275,42.3030701,-71.8333408960994,5087677931,0.0,50
d36eba4a-0dfb-3a26-b9fe-eb74594bbe3c,PARSONS HILL MA SNF LLC,1350 MAIN ST,WORCESTER,MA,016031550,42.2416259,-71.85047518091996,5087914200,0.0,6
1b3fe590-8793-3f08-865d-01fc425a84d4,FENWAY COMMUNITY HEALTH CENTER  INC,1340 BOYLSTON ST,BOSTON,MA,022154302,42.34392675,-71.09888049065322,6179274880,0.0,1367
0be0e035-8dad-387e-bbdd-a5a469c4311f,PODIATRY HEALTHCARE P.C.,480 MAPLE ST,DANVERS,MA,019234065,42.584178050000006,-70.97197467750539,9783048403,0.0,198
9c9d017c-0a4d-3e03-9802-4d310ea05c71,NEB OPERATOR LLC,70 FULTON ST,BOSTON,MA,021091402,42.362439499999994,-71.05377386223965,6177269700,0.0,40
8ec2ca51-abb4-35dd-b90f-6c6aad6d2124,ALLIANCE HEALTH AT ROSEWOOD,22 JOHNSON STREET,PEABODY,MA,019602311,42.54644385,-70.99288129112277,9785358700,0.0,100
ea468462-3080-302e-b405-9127a396c310,NORTHEAST PROFESSIONAL REGISTRY OF NURSES  INC.,600 CUMMINGS CTR STE 270X,WOBURN,MA,018013200,42.4792618,-71.1522766,9789212615,0.0,30
8af3b144-0e1a-3c90-937d-81a4ed026080,NORWOOD HOSPITAL,800 WASHINGTON STREET,NORWOOD,MA,020623489,42.1886973,-71.2005241,7817694000,0.0,1063
86f41096-d81f-3e26-b770-b26adc017d3e,SOUTH COVE MANOR NURSING & REHABILITATION CENTER,288 WASHINGTON STREET,QUINCY,MA,021695523,42.24983615,-70.9902487341626,6174230590,0.0,96
f1664435-2eca-3eff-bd1a-13701e7ad1bd,STANFORD HEALTH CARE,300 PASTEUR DRIVE,NEWTON,MA,024592058,42.3370414,-71.2092214,6507234000,0.0,2083
125eccb3-d003-34ea-9bd8-360dff059782,NEW ENGLAND BAPTIST HOSPITAL,125 PARKER HILL AVENUE,DEDHAM,MA,020266146,42.2489143,-71.1755732,6177545800,0.0,9824
68027854-a51a-324b-8f20-2da7be608ebf,QUEEN ANNE NURSING HOME  INC,50 RECREATION PARK DRIVE,HINGHAM,MA,020434206,42.176395,-70.90419664699353,7817494982,0.0,87
b242f971-3c74-3778-b148-81366c1e6a3f,WALDEN BEHAVIORAL CARE LLC,10 CAREMATRIX DR,DEDHAM,MA,020266149,42.2270762,-71.17237295563174,7816476700,0.0,4190
99a31e4a-04aa-334b-9e96-904f01483d93,SPAULDING NURSING AND THERAPY CENTER BRIGHTON  INC.,100 N BEACON ST,ALLSTON,MA,021341928,42.3536388,-71.1375978,6177269700,0.0,1
b93ffa11-ffab-3fe0-8c28-657817801192,VERO HEALTH XII LLC,9 MAPLE ST,WILBRAHAM,MA,010951730,42.150018599999996,-72.42537320933242,4135962411,0.0,1
e5b9db6a-8dd8-3622-b9ce-3dc593e111d1,ENGRACE HEALTHCARE PRACTICE LLC,1223 BEACON ST STE A,BROOKLINE,MA,024465332,42.3430087,-71.1170155,6177391122,0.0,136
51e96f40-2058-378a-b3bd-d83c50d5cbcb,TENDER LOVING CARE HEALTH CARE SERVICES OF NEW ENGLAND  LLC,200 NICKERSON RD STE 110,PLYMOUTH,MA,023602480,41.75001,-70.632075,5083837000,0.0,6
aad05540-c9cb-3805-b3c4-f9b9d9b42b2e,RIVER'S EDGE PRIMARY CARE LLC,821 E MAIN ST STE 3,CHICOPEE,MA,010206306,42.155774795300516,-72.55672263289513,4136956774,0.0,210
1aa9084e-2b86-3d6e-93ab-dbe6d4dda601,CARLETON-WILLARD VILLAGE RETIREMENT & NURSING CTR,100 OLD BILLERICA RD,BEDFORD,MA,017301267,42.499905749999996,-71.25668964877971,7812758700,0.0,15
2e73956a-942f-36f3-b88c-f88e782e578f,COMPASSUS - SOUTHERN MASSACHUSETTS,790 TURNPIKE STREET  SUITE 202,NORTH ANDOVER,MA,018456138,42.661547049999996,-71.10774565195425,9787778222,0.0,152
2987ddf5-7ff2-3e4a-9e25-d654a10313fd,THOMAS UPHAM HOUSE,519 MAIN STREET,MEDFIELD,MA,020522522,42.186209649999995,-71.30745495273302,5083596050,0.0,50
ce3b504c-f15c-3bcf-ba6e-dcb551cc7d7f,BOSTON HEALTH CARE FOR THE HOMELESS PROGRAM INC,112 SOUTHAMPTON ST,BOSTON,MA,021182711,42.33240995,-71.06915010706255,6175342881,0.0,70
eea92149-820f-301f-911e-b170e8312842,ST VINCENT HOSPITAL,123 SUMMER STREET,WORCESTER,MA,016102177,42.26496835,-71.79655403681465,5083635000,0.0,164
19a3afba-b409-3650-a0ab-f3faf6e391ef,ASSOCIATED PHYSICIANS OF HARVARD MEDICAL FACULTY PHYSICIANS AT BETH IS,199 REEDSDALE RD,WALTHAM,MA,024511433,42.3756401,-71.2358004,6176964600,0.0,1538
5de0661c-5943-365b-93c7-8ab84e1df09c,PHILLIPS MANOR LLC,28 LINWOOD RD,LYNN,MA,019051638,42.4703546,-70.964796190519,7815928000,0.0,28
d833e67f-4e72-331c-87e9-45e96dd28280,2101 WASHINGTON STREET OPERATING COMPANY  LLC,2101 WASHINGTON STREET,NEWTON,MA,024621519,42.3301978,-71.24996457183994,6179694660,0.0,28
25c85bcc-7e25-36bc-89e8-08e0d473db23,A&A HEALTHCARE LLC,138 S MAIN ST STE 14,MILFORD,MA,017573272,42.1270746,-71.51639128815474,5082414877,0.0,4210
eb9188f8-3f7a-3794-a349-94f88f7ff41c,WORCESTER MA SNF LLC,119 PROVIDENCE STREET,WORCESTER,MA,016044429,42.25031935,-71.79212030621437,5088605000,0.0,3
d9b71ccf-6649-3555-9e99-44eac0af257f,SERENITY HILL NURSING CENTER,655 DEDHAM ST,WRENTHAM,MA,020931135,42.084901,-71.30689224201797,5083843400,0.0,667
f692f508-aa5e-3060-b98a-23165e5aa12f,ENCOMPASS HEALTH HOME HEALTH,35 NEW ENGLAND BUSINESS CENTER DR STE 207,NORWOOD,MA,020624692,42.194543,-71.1994976,9783884500,0.0,87
7348f15f-ec3d-3aef-821a-8de550c90f26,SEACOAST SNF LLC,292 WASHINGTON ST,GLOUCESTER,MA,019304832,42.6249323,-70.6824382785235,9782830300,0.0,14
81991e0d-8034-36c8-be5c-624b44cb67de,76 NORTH STREET OPERATOR LLC,76 NORTH ST,MIDDLEBORO,MA,023461619,41.9014651,-70.91375666607357,5089474774,0.0,272
5876b638-1603-348c-86ef-9c708bd240dd,CONTINUUM CARE OF MASS  LLC,500 W CUMMINGS PARK STE 6300,WOBURN,MA,018016541,42.495389450000005,-71.12874638292683,5103806631,0.0,2
2f5c26cd-be8d-351a-97af-23fbcaba0967,BETH ISRAEL DEACONESS HOSPITAL PLYMOUTH INC,36 CORDAGE PARK CIR,PLYMOUTH,MA,023607320,41.978323,-70.689036,5087460215,0.0,39
e68de1a0-767e-3466-b9a6-43948ee073d3,GOOD SHEPHERD COMMUNITY CARE,160 WELLS AVENUE,NEWTON,MA,024593302,42.29337605,-71.19806353028767,6179696130,0.0,912
f002fb4c-544a-3139-b3f1-439864d5474a,OC SAUGUS CENTER LLC,266 LINCOLN AVE,SAUGUS,MA,019063037,42.44952884999999,-70.99452689295308,8455444089,0.0,10
cbebae9e-f95e-3d2c-9712-289ea8d6aeec,ARBOUR HOSPITAL  THE,49 ROBINWOOD AVENUE,QUINCY,MA,021698130,42.2509914,-71.0037374,6175224400,0.0,2049
1cec4304-9757-3a10-ad4f-7e2090c56131,UMASS MEMORIAL MEDICAL CENTER INC,55 LAKE AVE N,WORCESTER,MA,016550002,42.2774799,-71.76166994969458,5083340254,0.0,287
5862e05c-9533-3f7a-8f73-215d50f5ee2f,HEBREW REHABILITATION CENTER,1200 CENTRE ST,ROSLINDALE,MA,021311000,42.29768,-71.130463,6173258000,0.0,184
ec7e487e-7e78-3eac-a9ee-37f8de98a0f9,COLONY CENTER FOR HEALTH & REHABILITATION,277 WASHINGTON STREET,ABINGTON,MA,023512489,42.10060947239023,-70.94967338146704,7818710200,0.0,11
ad482681-b4c4-3fce-ac59-78c83d31b0ba,BEAR MT FRANKLIN LLC,130 CHESTNUT ST,FRANKLIN,MA,020383903,42.08345955,-71.38413379825735,5085284600,0.0,17
55809329-c479-30a9-824e-4768d46c0244,NEW ENGLAND PRIMARY CARE ASSOCIATES P.C.,280 MERRIMACK ST STE 103,LAWRENCE,MA,018431780,42.70271530167854,-71.14888290326759,9786852455,0.0,257
411f14a5-de79-3e08-81d6-301270cc2275,RHEUMATOLOGY AND INTERNAL MEDICINE ASSOCIATES PC,64 CONCORD STREET,WILMINGTON,MA,018872179,42.55962465,-71.13772203658047,9786641606,0.0,870
78cd7edb-2df6-34da-b463-5f9eb15cf862,OVERLOOK VISITING NURSE ASSOCIATION  INC,1 WEBLY ROAD,YARMOUTH PORT,MA,026752000,41.7020544,-70.249465,5089908160,0.0,72
471f7ca2-38f8-3080-8109-187c73ec0b1f,SALEM FAMILY HEALTH CENTER,27 CONGRESS ST,SALEM,MA,019707308,42.518722068313224,-70.88940635956651,9787448388,0.0,129
a5577e5c-b886-37a0-8eee-8ff6feb7ea6b,MOUNT AUBURN HOSPITAL,330 MOUNT AUBURN ST,CAMBRIDGE,MA,021385502,42.3741033,-71.13417575971958,6174923500,0.0,270
5581e43d-0463-3a0b-afc7-a60aea5ac96c,GREATER LAWRENCE FAMILY HEALTH CENTER INC,57 RIVER RD,ANDOVER,MA,018101144,42.69112645,-71.19636086287642,9786868521,0.0,11375
8269bd00-d9ff-3bda-a585-9587bc1d330b,WINCHESTER NURSING CENTER  INC,223 SWANTON ST,WINCHESTER,MA,018901968,42.4616579,-71.13927131946744,7817299595,0.0,3
f72399eb-d48e-37cc-9e1d-a8fc8ad5729a,PIVOT POINT HOMECARE SERVICES INC,354 W BOYLSTON ST,WEST BOYLSTON,MA,015832373,42.33953135,-71.7898237520228,7742618477,0.0,25
448d54bb-d442-3c01-84b6-0475c7c8da12,INTEGRITY HOME CARE SOLUTIONS  LLC,1565 MAIN ST BLDG. 2 SUITE # 311,TEWKSBURY,MA,018764735,42.6106479,-71.2342248,9784552555,0.0,82
02e5b041-64f3-3631-ab60-907e8cbec9c2,GREATER BOSTON HOME HEALTH CARE  LLC,1208B VFW PKWY STE 302,BOSTON,MA,021324350,42.279245200000005,-71.16929414999998,6179383860,0.0,10
ff8a25dd-fd83-30fc-a1ee-66455ec0dd82,ROOT FAMILY MEDICINE PC,3 EDGEWATER DR,NORWOOD,MA,020624642,42.16067115,-71.20186905283774,7742217697,0.0,134
b4064f5c-4729-31ef-a5b1-5343474c9520,WEST RIVER HOSPICE  LLC,63 KENDRICK ST,NEEDHAM,MA,024942708,42.2972045,-71.21072731380494,7817079578,0.0,31
9485907a-9f9c-3c19-a424-b402ee8f99c2,ST FRANCIS REHABILITATION & NURSING CENTER,101 PLANTATION STREET,WORCESTER,MA,016043025,42.258026400000006,-71.78384882397785,5087558605,0.0,26
e7722de2-0e62-3dc9-a163-a7003956673b,SEASONS HOSPICE & PALLIATIVE CARE OF MASS LLC,1 EDGEWATER DRIVE  SUITE 103,NORWOOD,MA,020624669,42.16153305,-71.20162617190071,8666709449,0.0,89
c630c98b-cbfb-3260-a984-4bbf511de98d,SHERRILL HOUSE  INC,135 S HUNTINGTON AVE,BOSTON,MA,021304885,42.328899,-71.110855,6177312400,0.0,2
966245ce-e84d-36b0-a838-2e0b5bb2e668,MATTAPAN COMMUNITY HEALTH CENTER,1425 BLUE HILL AVENUE,MATTAPAN,MA,021262122,42.2754929,-71.09384131587021,6172960061,0.0,46
5b20f93b-fde3-34e2-a878-729686a22042,BOSTON UNIVERSITY FAMILY MEDICINE INC,1 BOSTON MEDICAL CTR PL,BOSTON,MA,022151394,42.3554334,-71.060511,6174142080,0.0,53
b574fc4f-313c-38a4-9baf-7e12e431a499,SAVARD & MOSKOS EYE HEALTH CARE  LLC,511 W GROVE ST,MIDDLEBORO,MA,023461479,41.90036455,-70.9535889372234,5089477321,0.0,9956
af45b6a5-7289-300a-8e98-afa85eefd92e,DEPENDABLE HEALTHCARE SERVICES INC.,270 BROADWAY UNIT 1,SAUGUS,MA,019064510,42.4648183,-71.010051,7812860303,0.0,47
2bde75a8-708f-3930-8d57-100ab365d413,WELLESLEY FAMILY CARE ASSOCIATES  PC,173 WORCESTER ST,WELLESLEY,MA,024815521,42.2964859,-71.2925571,7812357900,0.0,1471
b5e54a54-ad38-39f3-a5d4-6e73e5d76d2d,MULTICULTURAL WELLNESS CENTER INC,44 FRONT ST FL 3,WORCESTER,MA,016081722,42.2625621,-71.8018877,5087524665,0.0,70
4eddfa13-f996-3048-9bbc-541b0a29038a,STEWARD ST ELIZABETHS MEDICAL CENTER OF BOSTON INC,736 CAMBRIDGE ST,BRIGHTON,MA,021353601,42.348649949999995,-71.14799584850206,6177893000,0.0,281
845fbd9b-2d1c-39a8-8261-28ae40e4fab2,MILFORD REGIONAL MEDICAL CENTER,14 PROSPECT STREET,UPTON,MA,015681431,42.1700209025178,-71.59409308099494,5084731190,0.0,12676
fe7441a8-2020-304d-aeeb-ba83c9ee2e3f,WEST SIDE CORPORATION,35 FRUIT ST,WORCESTER,MA,016092198,42.26702925,-71.81077636812154,5087526763,0.0,1
946ec45f-5c4a-361f-b158-927144864133,COMPASSUS - GREATER WESTERN MASSACHUSETTS,19 MIDSTATE DRIVE  SUITE 130,AUBURN,MA,015011856,42.1894693,-71.85604765,5088452379,0.0,2
bac9dc0c-cb0f-3fa6-aa12-819dd0fb922a,CAMBRIDGE PUBLIC HEALTH COMMISSION,1493 CAMBRIDGE ST,SOMERVILLE,MA,021452935,42.3875968,-71.0994968,6176651000,0.0,9709
84d5768f-3a21-3da9-aad2-bbf7a3ae2700,LOWELL FAMILY MEDICAL CARE PC,817 MERRIMACK ST,LOWELL,MA,018543548,42.650296999999995,-71.32263756223612,9784530550,0.0,435
9ce6072b-d039-3cde-8eaf-950211b8ae88,MIDDLETON FAMILY MEDICINE URGENT CARE  LLC,147 S MAIN ST,MIDDLETON,MA,019492446,42.585787222720036,-71.00861442427218,9787742555,0.0,1897
af8566eb-8918-3ec7-ba44-92b6a2cf8097,NORTH SHORE MEDICAL CENTER INC,81 HIGHLAND AVE,SALEM,MA,019702714,42.5112107,-70.90516241826194,9787410522,0.0,7073
d4a03501-69f6-3a89-ac27-ed25976fdb6f,LIFE CARE CENTER OF STONEHAM,25 WOODLAND ROAD,STONEHAM,MA,021801705,42.450448800000004,-71.09076944938434,7816622545,0.0,1211
d1d4d104-68cb-356b-9086-888de7d2826f,Framingham Outpatient Clinic,61 Lincoln Street  Suite 112,Framingham,MA,01702,42.28348,-71.41845,800-865-3384,0.0,3971
4058ca7b-c48b-3aaf-8de9-fc421f6a9e1c,199 ANDOVER STREET OPERATING COMPANY  LLC,199 ANDOVER STREET ROUTE 114W,PEABODY,MA,019601630,42.5278731,-70.9286609,9785310772,0.0,5
ecd3b321-0a8a-3ce6-81f0-982dd77fce43,ANNA JAQUES HOSPITAL SUBACUTE UNIT,25 HIGHLAND AVE,NEWBURYPORT,MA,019503867,42.81369325,-70.89091645747592,9784631000,0.0,2500
eb2596c3-8814-3add-8516-474214bf5c62,WATERVIEW LODGE LLC,250 W UNION ST,ASHLAND,MA,017211420,42.24214015,-71.48110671819278,5088796420,0.0,12
c762a0ef-bfba-3261-b90c-4059f7bcc87d,160 MAIN STREET OPERATOR LLC,160 MAIN STREET,WALPOLE,MA,020814037,42.168752850000004,-71.23027591232932,(508) 660-3080,0.0,9
42c13743-f36f-370a-a5ca-3e3c9795e02d,SENIOR RESIDENTIAL CARE - KINGSTON  INC.,17 CHIPMAN WAY,KINGSTON,MA,023641039,42.0115267956362,-70.78988939618995,7815854100,0.0,37
0ebe55cb-ce87-31fb-bced-cfe11130b290,MEDICAL CARE OF BOSTON MANAGEMENT CORPORATION,464 HILLSIDE AVE,WEYMOUTH,MA,021893104,42.2212188,-70.9391625,6177540730,0.0,414
03d7ee12-bdfe-3e48-9d29-757eb6f01ad0,HARBORSIDE MASSACHUSETTS LIMITED PARTNERSHIP,44 SUMMER ST,DANVERS,MA,019231574,42.57663745,-70.94996137026163,9787746955,0.0,1
0d869072-7699-3152-a2d3-37e33c465b43,NEW ENGLAND HOMECARE SOLUTIONS INC.,1565 LAKEVIEW AVE,DRACUT,MA,018263324,42.67595675,-71.33556583209734,9784554035,0.0,10
69cb2157-b620-3c51-9c94-f516462d2d55,FAMILY PRACTICE GROUP PC,11 WATER ST,ARLINGTON,MA,02476,42.41642055,-71.15424293038585,7816489700,0.0,326
9a20d707-68e4-32c0-b2b2-2f5d5c2012cd,CLARITY HEALTH & WELLNESS LLC,131 CAMBRIDGE ST STE 1,BURLINGTON,MA,018033711,42.50284395,-71.19574553661971,7812652572,0.0,465
78cdee02-e200-38a9-9b34-4651e706be7c,HOLISTIC HOMECARE SERVICES LLC,1156 MAIN ST,DRACUT,MA,018261929,42.6818928,-71.2963726,9789952533,0.0,20
f90ef475-defe-363d-a926-573b38f804a2,PRIMARY CARE FOR ADULTS PLLC,54 HOPEDALE ST,HOPKINTON,MA,017481672,42.2288875,-71.5196439,5084738373,0.0,865
071a898d-3535-39fd-bf61-d33301aacd04,TRANQUIL MIND & WELLNESS,104 CHARLES ELDRIDGE RD,LAKEVILLE,MA,023471370,41.8459353,-70.9494854,5089471683,0.0,3841
32606058-df6d-3131-9ab0-1657ed65364f,JETHRO HEALTH SYSTEM  LLC,330 LYNNWAY STE 346,LYNN,MA,019011713,42.458069,-70.948844,7812156125,0.0,47
a25107f7-f4f5-36fc-98e4-f3e1b5875c91,MASS GENERAL BRIGHAM URGENT CARE LLC,1285 BEACON ST,WOBURN,MA,018012157,42.4979478,-71.1684508,6177516205,0.0,2668
0e6c3ad1-24c1-34cb-bb6d-e8438fa319e2,URGENT CARE OPERATIONS PC,50 DODGE ST,SWAMPSCOTT,MA,019071300,42.4699241,-70.9171507,9789222171,0.0,1096
3662bcd2-07cc-364c-bd86-161bb738aacf,ALLIANCE HOSPICE CARE LLC,1340 CENTRE ST STE 208,NEWTON,MA,024611900,42.3281027,-71.19582114345262,6176634881,0.0,7
3695125c-c052-3ece-898a-2a6448987ae5,URGENT CARE SPECIALISTS  P.C.,2040 BOSTON RD STE 5,WILBRAHAM,MA,010951380,42.150295650000004,-72.47288272264812,4135993800,0.0,5
45db4ed7-a93e-3946-9c31-b567ca373de6,Boston Vet Center,7 Drydock Ave  Suite 2070,Boston,MA,02210,42.34461,-71.03728,857-203-6461,0.0,3149
63b93742-6c13-3309-92b6-f7c858e9f320,FAMILY AND COMMUNITY SOLUTIONS INC,77B WARREN ST,BRIGHTON,MA,021353601,42.348002699999995,-71.14205064012461,6177871901,0.0,63
bdd9ad72-443a-3563-a626-4c45f6d058b2,COMFORT HOME CARE  LLC,147 PELHAM STREET,WORCESTER,MA,016072105,42.265209,-71.814005,9786854700,0.0,83
05fcf001-ab24-3d7d-85f7-f64942d82738,ENCOMPASS HEALTH BRAINTREE HOSPITAL OF BRAINTREE,250 POND STREET,FRAMINGHAM,MA,017014592,42.2838619,-71.4093719,7818485353,0.0,6239
8789c07e-d15d-378d-ba2b-d2b49ebb6db4,NEW ENGLAND MEDICAL CENTER GROUP PRACTICE INC,800 WASHINGTON ST,WOBURN,MA,018011976,42.4946907,-71.1242899,6176365000,0.0,562
7e6db51f-7c1b-3555-9e1c-6269ba6d704d,ACCLAIM HOME HEALTH CARE  INC,120 STAFFORD STREET SUITE 206,WORCESTER,MA,016031461,42.239638,-71.8443785891577,5084596937,0.0,88
83769f98-fff3-3535-8781-6ace5957136f,SOUTHSHORE HEALTH CARE CENTER,115 NORTH AVENUE,ROCKLAND,MA,023702129,42.13496385,-70.92237824494691,7818783308,0.0,70
b529b631-551f-3344-82e4-c58c8b3b1716,ELLIS NURSING HOME INC,135 ELLIS AVE,NORWOOD,MA,020623946,42.2071374,-71.1867275198222,7817626880,0.0,16
7e3760fd-328f-3082-8c56-68d6b96f6521,REVOLUTION CHARLWELL LLC,305 WALPOLE ST,NORWOOD,MA,020623021,42.18411025,-71.21619509340385,7817627700,0.0,3
62ccfb55-1f60-3450-a607-706bedc9ef4e,120 MURRAY STREET OPERATIONS LLC,120 MURRAY STREET,MEDFORD,MA,021551300,42.42974035,-71.08853906104483,7813910800,0.0,54
05cd3fbb-08ce-38bf-b680-721a3e902d43,PODIATRIC HEALTHCARE PC,9 WARREN CT,SALEM,MA,019703163,42.51586993877551,-70.90514912244899,9787441309,0.0,259
f68ebf98-ba5b-35af-b2bd-da56cc5b13be,SERENITY HOSPICE LLC,270 LITTLETON RD STE 22,WESTFORD,MA,018863524,42.5569148,-71.4366336131239,9787712619,0.0,33
7d43f2a3-b6a3-3613-bae4-3b8b869e79e3,BETHEL HEALTH SYSTEM LLC,1485 DORCHESTER AVE STE 205,BOSTON,MA,021221301,42.3554334,-71.060511,6178885875,0.0,30
b8d40f5c-9e4d-3639-89ef-8bf375cb3184,NEW ENGLAND HOSPICE II LLC,190 OLD DERBY STREET,HINGHAM,MA,020434065,42.1807101,-70.9170852970031,7817492900,0.0,5
a537b406-fdfa-36b4-84da-12512e7e6c63,STEWARD ST. ANNES HOSPITAL CORPORATION,795 MIDDLE ST,STOUGHTON,MA,020721829,42.1252079,-71.1022015,5086745600,0.0,103
e96bc963-a050-3502-955f-7fd274ea5fde,BEST HEALTHCARE SERVICES INC,459 BROADWAY,EVERETT,MA,021493614,42.4075632,-71.05472988596371,8572223220,0.0,30
d24e558b-6659-3c62-bfa7-938aa245c8a8,DRUM HILL PRIMARY CARE LLC,4 COURTHOUSE LANE SUITE 1-3,CHELMSFORD,MA,018241737,42.62439345,-71.35881000636567,9784520052,0.0,124
e5d50afe-8c7d-35f5-96f5-fb8941403b0f,VMD PRIMARY PROVIDERS MASSACHUSETTS PLLC,125 S CLARK ST STE 900,FALL RIVER,MA,02722,41.74223,-71.129706,3124657900,0.0,18964
4a2eeae3-1d8f-3933-b177-f8b74b103338,BOSTON HEALTH CARE FOR THE HOMELESS PROGRAM INC,17 COURT ST,BOSTON,MA,021082601,42.3590416,-71.0583916,6173711723,0.0,269
7baecfbc-ac9c-3f96-9db7-6453ab224b73,MAIN STREET FAMILY PRACTICE PC,675 MAIN ST,MELROSE,MA,02176,42.4586199,-71.0629807,7816624934,0.0,653
9adfae03-673d-365d-9052-f705098fa3e4,THE SHRINERS HOSPITAL FOR CHILDREN,51 BLOSSOM ST,BOSTON,MA,021142699,42.36305545,-71.06643399281765,1617722300,0.0,29296
48a07866-e8d7-3268-aa3c-ca3237c8e6f3,BOSTON PAIN CLINIC & PRIMARY CARE PC,188 PROVIDENCE ST,HYDE PARK,MA,021361861,42.2682551,-71.12174592925336,6173612166,0.0,206
9f85a8c8-007c-3490-a7b7-4a0324c13307,CHAE INTERNAL MEDICINE LLC,70 FULTON ST,BOSTON,MA,021091402,42.362439499999994,-71.05377386223965,6178764344,0.0,866
25431f9a-00e4-36d8-9810-4125328eec50,THE GENERAL HOSPITAL CORPORATION,55 FRUIT ST,WALTHAM,MA,02451,42.3756401,-71.2358004,6177262000,0.0,2432
029b3003-b21a-30e7-b84e-0063558fc04b,BETHANY HEALTH CARE CENTER INC,97 BETHANY RD,FRAMINGHAM,MA,017027237,42.264920202566366,-71.43067623259627,5088726720,0.0,3
89171335-b9c0-3326-98d6-a837d432b9fd,WHITTIER REHABILTATION HOSPITAL,150 FLANDERS ROAD,LYNN,MA,019042915,42.466763,-70.9494939,5088712063,0.0,18836
5d2ca149-126a-3dd3-a029-35b55c89988b,SALEM COMMUNITY CORPORATION,87 BRIARWOOD CIR,WORCESTER,MA,016061225,42.32061485,-71.7709968832562,5088536910,0.0,1
c1a85a41-6758-3edc-95ec-238b8ac72a40,FAMILY CARE ASSOCIATES LLC,65 CENTRAL ST,GEORGETOWN,MA,018332112,42.7211656,-70.99324119227308,9783527780,0.0,932
01bde980-bf89-3138-8912-7360dff33247,LE & CHANG FAMILY URGENT CARE PC,456 PARK AVE,WORCESTER,MA,016101254,42.25512735,-71.82580924803523,5086851517,0.0,92
d0534259-63f4-3e61-b66f-dff6d6f655f1,NEW ENGLAND ALLERGY ASTHMA IMMUNOLOGY AND PRIMARY CARE P.C..,555 TURNPIKE ST,NORTH ANDOVER,MA,018455935,42.665488999999994,-71.11617940933073,9786834299,0.0,273
217cb6f6-e822-3831-9d9d-ffa104971042,ENCOMPASS HEALTH REHABILITATION HOSP OF NEW ENGLAN,2 REHABILITATION WAY,WOBURN,MA,018016003,42.46352265,-71.161925472006,7819355050,0.0,595
8a6e21d0-da20-3378-8176-4e5ad2b51983,TIMOTHY DANIELS HOUSE,84 ELM STREET,HOLLISTON,MA,017462138,42.20234485,-71.42493275079366,5084294566,0.0,242
acfde9fd-b6ef-36d0-86dd-ab77398d289b,HEBREW SENIORLIFE HOSPICE CARE INC,80 NEWBRIDGE WAY,DEDHAM,MA,020267028,42.265152,-71.20332234041666,7812349805,0.0,29
e2a8b444-9b8f-36ff-84c4-05ee98589482,WHITLEY WELLNESS LLC,8 SHIPWAY PL # C-8,CHARLESTOWN,MA,021294301,42.3778749,-71.0619957,3254399799,0.0,16353
05f80ed8-6a7a-3728-8b5c-c5c995c8244a,VA Boston Healthcare System  Jamaica Plain Campus,150 South Huntington Avenue,Jamaica Plain,MA,02130,42.32809,-71.11076,617-232-9500,0.0,450
e0cc7e8e-e1a4-3a02-b589-0a35741d39fe,SUNSHINE WELLNESS INC,990 PARADISE RD,SWAMPSCOTT,MA,019071831,42.48374535000001,-70.90120467000462,6179353609,0.0,442
18d2c9c2-4b92-3664-9b8e-419aff3ce942,ALLIANCE HEALTH AT BRAINTREE,175 GROVE STREET,BRAINTREE,MA,021847253,42.19127375,-70.99279579751581,7818482050,0.0,201
121b0ad1-1beb-3caa-9271-3d3f726bb727,PATRIOT URGENT CARE PROFESSIONALS PC,1030 MAIN STREET,WALTHAM,MA,024517447,42.375828,-71.2527956,7818946900,0.0,3039
883f57b8-89c6-3dc4-b6da-047705c88623,SOUTHCOAST HOSPITALS GROUP INC,363 HIGHLAND AVE,FALL RIVER,MA,027203703,41.7093779,-71.1460783680883,5086793131,0.0,500
9ba25035-53e5-344b-9b9e-94331a58d1d4,BOSTON HEALTH CARE INC,420 MAIN ST,WALPOLE,MA,020812553,42.161882199999994,-71.2388707178431,5086607949,0.0,365
0a2252ba-33de-322f-8f0a-e5b0141f1780,HARVARD STREET NEIGHBORHOOD HEALTH CENTER,632 BLUE  HILL AVENUE,DORCHESTER,MA,021213213,42.2941088,-71.0885355,6178253400,0.0,246
f6ba791e-fe68-3596-bef4-60751db6a60e,VNA & HOSPICE OF GREATER MILFORD,37 BIRCH STREET,MILFORD,MA,017575501,42.1424349,-71.48943173357203,5084730862,0.0,698
2fc3d86d-4194-3ad1-bb8a-99d5d34119a1,QUINCY PRIMARY HEALTHCARE PC,300 CONGRESS ST STE 203,QUINCY,MA,021690907,42.2345525,-71.01493330273374,6174811771,0.0,38
67cade01-dcfe-37b7-8e2c-b712d9e6fbba,RUTLAND FAMILY HEALTH CENTER,694 MAIN ST,HOLDEN,MA,015201862,42.3406819,-71.8390289,5088866500,0.0,146
b954c464-11ea-312b-a3f8-1350775bfa54,CHELSEA JEWISH HOSPICE AND PALLIATIVE CARE,123 CAPTAIN'S ROW,CHELSEA,MA,021504019,42.3917638,-71.0328284,6178890779,0.0,493
9f368e75-397f-3d77-a317-9a005512a4e2,EASTERN & WESTERN MEDICAL CENTER PC,381 PARK AVE,WORCESTER,MA,016101026,42.2583962,-71.82204240042036,5087923200,0.0,284
0dfa7ab2-4acc-360c-ab55-beb8e38a8c1d,HUGHES HEALTH AND WELLNESS,36 CORTADGE PARK,PLYMOUTH,MA,023607320,41.9426657,-70.7618592,5082807214,0.0,10796
95f6c328-96dd-3fb8-a56e-9aad566094b4,EXCEL HOME CARE SERVICES INC,4 STONY HILL ROAD,WILBRAHAM,MA,010951027,42.1552861,-72.48384800788648,4135832005,0.0,11
19f958ef-57cf-33c1-b068-14b32a980813,DRACUT FAMILY HEALTHCARE,155 BROADWAY RD,DRACUT,MA,018262754,42.67578279999999,-71.29320171860073,9784580475,0.0,373
da2e8443-a0d6-3e87-b651-e2697615f4b5,NEWTON-WELLESLEY INTERNISTS  P.C.,2000 WASHINGTON ST,NEWTON,MA,024621624,42.332192250000006,-71.24597794166553,6179645020,0.0,1249
47602b5b-f4aa-3c73-aa26-2268ccf7a83c,HUNT NURSING & REHAB CENTER,90 LINDALL STREET,DANVERS,MA,019232125,42.574712149999996,-70.94359556912616,9787773740,0.0,18
1676f96e-65fc-350d-918b-453697bf07ff,NORWELL VISITING NURSE ASSOCIATION INC,120 LONGWATER DRIVE,NORWELL,MA,020611653,42.15682485,-70.8792143504961,7816592342,0.0,1
91808f17-7583-32a3-aa55-23b131b327c7,SOUTH SHORE CENTER FOR WELLNESS LTD,200 CORDWAINER DR,NORWELL,MA,020611671,42.16352995,-70.8846291501739,7818788340,0.0,577
587f07bd-7d69-3291-9aea-abef74f30045,ROOTED WELLNESS LLC,228 ALMONT ST,MATTAPAN,MA,021261487,42.2805395,-71.09839825,8572047067,0.0,28
76baa51d-0d0f-359d-a07b-7b999a43d42e,PATHWAYS HEALTHCARE LLC,101 STATION DR STE 240,WESTWOOD,MA,020902336,42.20728361922244,-71.15698168263435,6174819077,0.0,380
02d7b144-352f-3eac-97db-6fc4a95bf1fa,LASELL HOUSE,120 SEMINARY AVENUE,AUBURNDALE,MA,024662650,42.34002614299451,-71.24911543639162,6176637000,0.0,890
53f086de-2fc7-3d35-92c2-aca4ed944e7f,LAWRENCE GENERAL HOSPITAL,1 GENERAL ST,LAWRENCE,MA,018412961,42.7097143,-71.15007700778098,9786834000,0.0,41262
20f63278-6709-3195-b767-782d2a10bd5c,NEVILLE CENTER AT FRESH POND FOR NURSING & REHAB,640 CONCORD AVENUE,CAMBRIDGE,MA,021381116,42.389222000000004,-71.14799280677965,6174970600,0.0,6
4f23f870-9a58-35a4-8547-ea2c71b780d8,LEONARD ONEHIREBA ATIVIE IDEAL HEALTH CARE SYSTEM,181 UNION ST,LYNN,MA,019011311,42.4668977,-70.94234208270112,7814779688,0.0,21
c709c5eb-ddd7-3778-84f7-0931a4d1c718,HEBREW SENIORLIFE AFFILIATED MEDICAL GROUP INC,1200 CENTRE ST,ROSLINDALE,MA,021311000,42.29768,-71.130463,6179715766,0.0,80
c05d73d0-b348-32ce-9fe5-13a720950f37,URGENT HELP CHELMSFORD PC,45 DRUM HILL RD,CHELMSFORD,MA,018241503,42.6255635,-71.3615131,9784467515,0.0,1334
c0cc8f8d-a479-3f83-9e1f-1fd556b944ef,FAMILY DOCTORS  LLC,250 PARADISE RD,SWAMPSCOTT,MA,01907,42.47638005,-70.91253402512964,7815962000,0.0,509
ac0fde88-b0ad-3388-a4a8-b8fc2a4f4af2,NEW ENGLAND SINAI HOSPITAL,150 YORK STREET,STOUGHTON,MA,020729105,42.144646800000004,-71.09875876961266,7813644850,0.0,180
d51d98bc-ef4c-363b-8450-c01537258b11,1007 EAST STREET OPERATOR LLC,1007 EAST ST,DEDHAM,MA,020266363,42.22837415,-71.16281500487283,7813291520,0.0,9
d70d47dc-b40c-3a04-8342-35cbfe716409,SENIOR HEALTHCARE ASSOCIATES INC,83 LITTLEFIELD RD,NEWTON,MA,024593010,42.3104327,-71.18883283411856,7816421859,0.0,5017
047f6113-bd42-353b-8368-cf2352868915,BOSTON PELVIC HEALTH AND WELLNESS PC,62 WALNUT ST FL 2ND,WELLESLEY,MA,024812109,42.2964859,-71.2925571,6177692100,0.0,1622
0592d4e5-a0fb-3143-83cd-8e5a6b066a96,SOUTH SHORE PRIMARY AND URGENT CARE LLC,20 EAST ST,HANOVER,MA,023391638,42.1278249,-70.82664947485381,7815610460,0.0,10185
c67ca7ed-4769-3b6c-a0a9-993f1227ff10,CAPE ANN MEDICAL CENTER LLC,1 BLACKBURN DR,GLOUCESTER,MA,019302237,42.6269312,-70.65555242413386,9782811500,0.0,1482
7b5bf0fc-c5c0-3f22-980b-fdfff326a9b4,WOONSOCKET URGENT CARE PC,40 CUMBERLAND AVE,NORTH ATTLEBORO,MA,027604445,41.9316677,-71.35407469790115,7812550500,0.0,11
ba07b31b-bf14-39b8-be95-4c5ca5062daa,SPAULDING HOSPITAL FOR CONTINUING MED CARE-CAMB,1575 CAMBRIDGE ST,CAMBRIDGE,MA,021384308,42.375209549999994,-71.10711344152975,6178764344,0.0,4655
6aae7a31-90df-3455-ad8d-81f8cf2d21e8,BROCKTON HOSPITAL  INC.,680 CENTRE ST,BROCKTON,MA,023023308,42.0872752,-70.9910738855076,5089417000,0.0,567
